"EntitySet","EntityType","PropertyCount","Properties"
"AccumulationRegister_ГрафикДвиженияЗапасов","StandardODATA.AccumulationRegister_ГрафикДвиженияЗапасов","3","Recorder, RecordSet, Recorder_Type"
"AccumulationRegister_ГрафикДвиженияЗапасов_RecordType","StandardODATA.AccumulationRegister_ГрафикДвиженияЗапасов_RecordType","12","Recorder, Period, LineNumber, Active, Организация_Key, ТипДвижения, Заказ, Номенклатура_Key, Характеристика_Key, Количество, Recorder_Type, Заказ_Type"
"AccumulationRegister_ДенежныеСредстваВРезерве","StandardODATA.AccumulationRegister_ДенежныеСредстваВРезерве","3","Recorder, RecordSet, Recorder_Type"
"AccumulationRegister_ДенежныеСредстваВРезерве_RecordType","StandardODATA.AccumulationRegister_ДенежныеСредстваВРезерве_RecordType","14","Recorder, Period, LineNumber, Active, RecordType, Организация_Key, ТипДенежныхСредств, БанковскийСчетКасса, Валюта_Key, Документ, Сумма, Recorder_Type, БанковскийСчетКасса_Type, Документ_Type"
"AccumulationRegister_ДенежныеСредстваКПоступлению","StandardODATA.AccumulationRegister_ДенежныеСредстваКПоступлению","3","Recorder, RecordSet, Recorder_Type"
"AccumulationRegister_ДенежныеСредстваКПоступлению_RecordType","StandardODATA.AccumulationRegister_ДенежныеСредстваКПоступлению_RecordType","16","Recorder, Period, LineNumber, Active, RecordType, Организация_Key, Касса, ДокументПередачи, ДоговорКонтрагента_Key, Сумма, СуммаВал, КассаОтправитель, Recorder_Type, Касса_Type, ДокументПередачи_Type, КассаОтправитель_Type"
"AccumulationRegister_ЗаказыПоставщикам_RecordType","StandardODATA.AccumulationRegister_ЗаказыПоставщикам_RecordType","12","Recorder, Period, LineNumber, Active, RecordType, Организация_Key, ЗаказПоставщику_Key, Номенклатура_Key, Характеристика_Key, Количество, ДатаПоступления, Recorder_Type"
"AccumulationRegister_Запасы","StandardODATA.AccumulationRegister_Запасы","3","Recorder, RecordSet, Recorder_Type"
"AccumulationRegister_Запасы_RecordType","StandardODATA.AccumulationRegister_Запасы_RecordType","41","Recorder, Period, LineNumber, Active, RecordType, Организация_Key, СтруктурнаяЕдиница, СчетУчета_Key, Номенклатура_Key, Характеристика_Key, Партия_Key, ЗаказПокупателя_Key, ЗаказНаПроизводство_Key, Количество, Сумма, КоличествоИнт, СуммаИнт, КоррСтруктурнаяЕдиница, КоррСчетУчета_Key, КоррНоменклатура_Key, КоррХарактеристика_Key, КоррПартия_Key, КоррЗаказПокупателя_Key, Спецификация_Key, КоррСпецификация_Key, ЗаказПродажи_Key, ДокументПродажи, Подразделение_Key, Ответственный_Key, СтавкаНДС_Key, ФиксированнаяСтоимость, ЗатратыНаВыпуск, Возврат, СодержаниеПроводки, ПеремещениеВРозницуСуммовойУчет, ХозяйственнаяОперация_Key, КоррЗаказНаПроизводство_Key, Recorder_Type, СтруктурнаяЕдиница_Type, КоррСтруктурнаяЕдиница_Type, ДокументПродажи_Type"
"AccumulationRegister_ЗапасыВРазрезеГТД","StandardODATA.AccumulationRegister_ЗапасыВРазрезеГТД","3","Recorder, RecordSet, Recorder_Type"
"AccumulationRegister_ЗапасыВРазрезеГТД_RecordType","StandardODATA.AccumulationRegister_ЗапасыВРазрезеГТД_RecordType","13","Recorder, Period, LineNumber, Active, RecordType, Организация_Key, Номенклатура_Key, Характеристика_Key, Партия_Key, НомерГТД_Key, СтранаПроисхождения_Key, Количество, Recorder_Type"
"AccumulationRegister_ЗапасыВРемонте","StandardODATA.AccumulationRegister_ЗапасыВРемонте","3","Recorder, RecordSet, Recorder_Type"
"AccumulationRegister_ЗапасыВРемонте_RecordType","StandardODATA.AccumulationRegister_ЗапасыВРемонте_RecordType","13","Recorder, Period, LineNumber, Active, RecordType, Организация_Key, Номенклатура_Key, Характеристика_Key, Серия_Key, СтруктурнаяЕдиница_Key, Количество, СостояниеРемонта_Key, Recorder_Type"
"AccumulationRegister_ЗапасыИАгентскиеУслугиПринятые","StandardODATA.AccumulationRegister_ЗапасыИАгентскиеУслугиПринятые","3","Recorder, RecordSet, Recorder_Type"
"AccumulationRegister_ЗапасыИАгентскиеУслугиПринятые_RecordType","StandardODATA.AccumulationRegister_ЗапасыИАгентскиеУслугиПринятые_RecordType","18","Recorder, Period, LineNumber, Active, RecordType, Организация_Key, Номенклатура_Key, Характеристика_Key, Партия_Key, Контрагент_Key, Договор_Key, Заказ, ТипПриемаПередачи, Количество, СуммаРасчетов, СодержаниеПроводки, Recorder_Type, Заказ_Type"
"AccumulationRegister_ЗапасыКПоступлениюНаСклады","StandardODATA.AccumulationRegister_ЗапасыКПоступлениюНаСклады","3","Recorder, RecordSet, Recorder_Type"
"AccumulationRegister_ЗапасыКПоступлениюНаСклады_RecordType","StandardODATA.AccumulationRegister_ЗапасыКПоступлениюНаСклады_RecordType","12","Recorder, Period, LineNumber, Active, RecordType, Организация_Key, Номенклатура_Key, Характеристика_Key, Партия_Key, СтруктурнаяЕдиница_Key, Количество, Recorder_Type"
"AccumulationRegister_ЗапасыКРасходуСоСкладов","StandardODATA.AccumulationRegister_ЗапасыКРасходуСоСкладов","3","Recorder, RecordSet, Recorder_Type"
"AccumulationRegister_ЗапасыКРасходуСоСкладов_RecordType","StandardODATA.AccumulationRegister_ЗапасыКРасходуСоСкладов_RecordType","12","Recorder, Period, LineNumber, Active, RecordType, Организация_Key, Номенклатура_Key, Характеристика_Key, Партия_Key, СтруктурнаяЕдиница_Key, Количество, Recorder_Type"
"AccumulationRegister_ЗапасыНаСкладах","StandardODATA.AccumulationRegister_ЗапасыНаСкладах","3","Recorder, RecordSet, Recorder_Type"
"AccumulationRegister_ЗапасыНаСкладах_RecordType","StandardODATA.AccumulationRegister_ЗапасыНаСкладах_RecordType","15","Recorder, Period, LineNumber, Active, RecordType, Организация_Key, Номенклатура_Key, Характеристика_Key, Партия_Key, СтруктурнаяЕдиница_Key, Ячейка_Key, Количество, КоличествоИнт, ХозяйственнаяОперация_Key, Recorder_Type"
"AccumulationRegister_ЗапасыПереданные","StandardODATA.AccumulationRegister_ЗапасыПереданные","3","Recorder, RecordSet, Recorder_Type"
"AccumulationRegister_ЗапасыПереданные_RecordType","StandardODATA.AccumulationRegister_ЗапасыПереданные_RecordType","17","Recorder, Period, LineNumber, Active, RecordType, Организация_Key, Номенклатура_Key, Характеристика_Key, Партия_Key, Контрагент_Key, Договор_Key, Заказ, ТипПриемаПередачи, Количество, СуммаРасчетов, Recorder_Type, Заказ_Type"
"AccumulationRegister_ЗапасыПереданныеВРазрезеГТД","StandardODATA.AccumulationRegister_ЗапасыПереданныеВРазрезеГТД","3","Recorder, RecordSet, Recorder_Type"
"AccumulationRegister_ЗапасыПереданныеВРазрезеГТД_RecordType","StandardODATA.AccumulationRegister_ЗапасыПереданныеВРазрезеГТД_RecordType","15","Recorder, Period, LineNumber, Active, RecordType, Организация_Key, Номенклатура_Key, Характеристика_Key, Партия_Key, НомерГТД_Key, СтранаПроисхождения_Key, Количество, ДокументПередачи, Recorder_Type, ДокументПередачи_Type"
"AccumulationRegister_ЗапасыПереданныеВРемонте","StandardODATA.AccumulationRegister_ЗапасыПереданныеВРемонте","3","Recorder, RecordSet, Recorder_Type"
"AccumulationRegister_ЗапасыПереданныеВРемонте_RecordType","StandardODATA.AccumulationRegister_ЗапасыПереданныеВРемонте_RecordType","12","Recorder, Period, LineNumber, Active, RecordType, Организация_Key, СервисныйЦентр_Key, Номенклатура_Key, Характеристика_Key, Серия_Key, Количество, Recorder_Type"
"AccumulationRegister_ЗапасыПринятыеВРазрезеГТД","StandardODATA.AccumulationRegister_ЗапасыПринятыеВРазрезеГТД","3","Recorder, RecordSet, Recorder_Type"
"AccumulationRegister_ЗапасыПринятыеВРазрезеГТД_RecordType","StandardODATA.AccumulationRegister_ЗапасыПринятыеВРазрезеГТД_RecordType","15","Recorder, Period, LineNumber, Active, RecordType, Организация_Key, Номенклатура_Key, Характеристика_Key, Партия_Key, НомерГТД_Key, СтранаПроисхождения_Key, Количество, ДокументПриема, Recorder_Type, ДокументПриема_Type"
"AccumulationRegister_ОстаткиАлкогольнойПродукцииЕГАИС","StandardODATA.AccumulationRegister_ОстаткиАлкогольнойПродукцииЕГАИС","3","Recorder, RecordSet, Recorder_Type"
"AccumulationRegister_ОстаткиАлкогольнойПродукцииЕГАИС_RecordType","StandardODATA.AccumulationRegister_ОстаткиАлкогольнойПродукцииЕГАИС_RecordType","11","Recorder, Period, LineNumber, Active, RecordType, ОрганизацияЕГАИС_Key, АлкогольнаяПродукция_Key, Справка2_Key, Количество, СвободныйОстаток, Recorder_Type"
"AccumulationRegister_ПотребностьВЗапасах","StandardODATA.AccumulationRegister_ПотребностьВЗапасах","3","Recorder, RecordSet, Recorder_Type"
"AccumulationRegister_ПотребностьВЗапасах_RecordType","StandardODATA.AccumulationRegister_ПотребностьВЗапасах_RecordType","13","Recorder, Period, LineNumber, Active, RecordType, Организация_Key, ТипДвижения, ЗаказПокупателя_Key, Номенклатура_Key, Характеристика_Key, ЗаказНаПроизводство_Key, Количество, Recorder_Type"
"AccumulationRegister_СерииНоменклатурыКПоступлению","StandardODATA.AccumulationRegister_СерииНоменклатурыКПоступлению","3","Recorder, RecordSet, Recorder_Type"
"AccumulationRegister_СерииНоменклатурыКПоступлению_RecordType","StandardODATA.AccumulationRegister_СерииНоменклатурыКПоступлению_RecordType","13","Recorder, Period, LineNumber, Active, RecordType, Организация_Key, Номенклатура_Key, Характеристика_Key, Партия_Key, Серия_Key, СтруктурнаяЕдиница_Key, Количество, Recorder_Type"
"Catalog_АвтоматическиеСкидки","StandardODATA.Catalog_АвтоматическиеСкидки","39","Ref_Key, Predefined, PredefinedDataName, DataVersion, Description, Code, Parent_Key, IsFolder, DeletionMark, БонуснаяПрограмма_Key, ВалютаПредоставления_Key, ВариантОграниченияПоНоменклатуре, ВариантОкругления, ВариантСовместногоПрименения, ВидЦен_Key, ДатаНачала, ДатаОкончания, Действует, ЕстьГруппыВУточненииПоНоменклатуре, ЕстьОграниченияПоПолучателямКонтрагентам, ЕстьОграниченияПоПолучателямСкладам, ЕстьРасписание, ЕстьУсловияПоДК, ЕстьУточненияПоКатегориям, ЕстьУточненияПоНоменклатуре, ЕстьУточненияПоЦеновымГруппам, ЗначениеСкидкиНаценки, Комментарий, Назначение, ОбластьПредоставления, ПорядокОкругления, УдалитьРеквизитДопУпорядочивания, СпособПредоставления, ЭтоПравилоНачисленияБонусов, ВремяПоДнямНедели, НоменклатураГруппыЦеновыеГруппы, УсловияПредоставления, ПолучателиСкидкиКонтрагенты, ПолучателиСкидкиСклады"
"Catalog_АвтоматическиеСкидки_ПолучателиСкидкиСклады","StandardODATA.Catalog_АвтоматическиеСкидки_ПолучателиСкидкиСклады","3","Ref_Key, LineNumber, Получатель_Key"
"Catalog_ВидыЗаказовПокупателей","StandardODATA.Catalog_ВидыЗаказовПокупателей","12","Ref_Key, Predefined, PredefinedDataName, DataVersion, Description, DeletionMark, Комментарий, СостояниеДоставлен_Key, СостояниеОтгружен_Key, СостояниеОжидаетОтгрузки_Key, НеИспользоватьДоставку, ПорядокСостояний"
"Catalog_КалендариСотрудников","StandardODATA.Catalog_КалендариСотрудников","21","Ref_Key, Predefined, PredefinedDataName, DataVersion, Description, Code, DeletionMark, backgroundColor, colorId, foregroundColor, id, key, primary, selected, summary, timeZone, ВладелецКалендаря_Key, Недействителен, Пользователь_Key, СинхронизироватьСGoogle, Доступ"
"Catalog_КалендариСотрудников_Доступ","StandardODATA.Catalog_КалендариСотрудников_Доступ","3","Ref_Key, LineNumber, Сотрудник_Key"
"Catalog_КассыККМ","StandardODATA.Catalog_КассыККМ","25","Ref_Key, Predefined, PredefinedDataName, DataVersion, Description, Code, Owner_Key, DeletionMark, СтруктурнаяЕдиница_Key, Подразделение_Key, ТипКассы, ВалютаДенежныхСредств_Key, ПодключаемоеОборудование_Key, СчетУчета_Key, ИспользоватьБезПодключенияОборудования, ЭлектронныйЧекSMSПередаютсяПрограммой1С, ЭлектронныйЧекEmailПередаютсяПрограммой1С, СерийныйНомер, ТипОборудования, СоздаватьВыемку, СоздаватьПоступлениеВКассу, КассаДляРозничнойВыручки_Key, МинимальныйОстатокВКассеККМ, ИспользоватьАвторизациюПоОтветственному, ИсточникФИОКассираВЧеке"
"Catalog_КатегорииНоменклатуры","StandardODATA.Catalog_КатегорииНоменклатуры","66","Ref_Key, Predefined, PredefinedDataName, DataVersion, Description, Code, Parent_Key, IsFolder, DeletionMark, Весовой, ВидАлкогольнойПродукции_Key, ВидСтавкиНДС, ЕдиницаИзмерения_Key, ИмпортнаяАлкогольнаяПродукция, ИспользоватьХарактеристики, КатегорияПоКлассификатору, МетодОценки, НаборСвойств_Key, НаборСвойствХарактеристики_Key, НаправлениеДеятельности_Key, PS_СоциальноЗначимыеТовары, PS_НоменклатурныйКод, ПроверятьЗаполнениеХарактеристики, РеквизитДопУпорядочивания, Склад_Key, СчетУчетаДоходов_Key, СчетУчетаЗапасов_Key, СчетУчетаЗатрат_Key, СрокИсполненияЗаказа, ТипНоменклатурыПоУмолчанию, ШаблонЦенника_Key, ШаблонЭтикетки_Key, ИспользоватьПроизводителяВЕТИСПартии, ИспользоватьЗаписьСкладскогоЖурналаВЕТИСПартии, ИспользоватьИдентификаторПартииВЕТИСПартии, ИспользоватьДатуПроизводстваПартии, ИспользоватьСрокГодностиПартии, АвтоматическиГенерироватьПартии, ИспользоватьНомерПартии, ПодконтрольнаяПродукцияВЕТИС, СпособПополнения, ЦеноваяГруппа_Key, Ячейка_Key, НаборСвойствСпецификации_Key, ВидМаркировки, КиЗГИСМВид, КиЗГИСМСпособВыпускаВОборот, КиЗГИСМРазмер, КиЗГИСМGTIN, ТНВЭДГИСМ, ТабачнаяПродукция, ПроизводительИмпортерАлкогольнойПродукции_Key, Производитель_Key, СтранаПроисхождения_Key, ОбувнаяПродукция, ВидПродукцииИС, ПодакцизныйТовар, ИспользоватьСерииНоменклатуры, ПолитикаУчетаСерий_Key, ИндивидуальныеНастройкиПолитикиУчетаСерий, ИспользоватьСрокГодностиСерии, ИспользоватьДатуПроизводстваСерии, ТочностьУказанияСрокаГодностиСерии, ИспользоватьУникальныеСерии, НаборСвойствКомплектацииНоменклатуры_Key, ПорядокСортировки"
"Catalog_КонтактныеЛица","StandardODATA.Catalog_КонтактныеЛица","28","Ref_Key, Predefined, PredefinedDataName, DataVersion, Description, Code, Parent_Key, IsFolder, DeletionMark, АдресЭПДляПоиска, ГруппаДоступа_Key, ДатаРождения, ДатаСоздания, ДокументУдостоверяющийЛичность, ИсточникПривлечения_Key, Комментарий, Недействителен, НомерТелефонаДляПоиска, ОсновныеСведения, Ответственный_Key, Пол, СписокРолей, УдалитьДолжность, УдалитьРеквизитДопУпорядочивания, Роли, КонтактнаяИнформация, ДополнительныеРеквизиты, Теги"
"Catalog_Контрагенты","StandardODATA.Catalog_Контрагенты","61","Ref_Key, Predefined, PredefinedDataName, DataVersion, Description, Code, Parent_Key, IsFolder, DeletionMark, НаименованиеПолное, БанковскийСчетПоУмолчанию_Key, ВалютаРасчетовПоУмолчанию_Key, ВестиРасчетыПоДоговорам, ВестиРасчетыПоДокументам, ВестиРасчетыПоЗаказам, ВестиУчетОплатыПоСчетам, ВидГосударственногоОргана, ВидКонтрагента, СтранаРегистрации_Key, ГруппаДоступа_Key, ДатаРождения, ДатаСоздания, ДокументУдостоверяющийЛичность, АдресЭПДляПоиска, ИННВведенКорректно, ИсточникПривлеченияПокупателя_Key, КодГосударственногоОргана, ГоловнойКонтрагент_Key, Комментарий, КонтактноеЛицо_Key, КонтактноеЛицоПодписант_Key, ИНН, КППВведенКорректно, КПП, Недействителен, НомерТелефонаДляПоиска, ОсновныеСведения, Ответственный_Key, Покупатель, Пол, Поставщик, ПрочиеОтношения, РасчетыВУсловныхЕдиницахПоУмолчанию, РегистрационныйНомер, СвидетельствоДатаВыдачи, СвидетельствоСерияНомер, СпособЗачетаПредоплатыПоУмолчанию, СпособРазнесенияОплатыПоУмолчанию, СтатьяДДСПоУмолчанию_Key, КодПоОКПО, СчетУчетаАвансовПокупателя_Key, СчетУчетаАвансовПоставщику_Key, СчетУчетаРасчетовСПокупателем_Key, СчетУчетаРасчетовСПоставщиком_Key, УдалитьАдресЭП, УдалитьДоговорПоУмолчанию_Key, УдалитьНомерТелефона, ФИО, ДополнительныеРеквизиты, КонтактнаяИнформация, Теги"
"Catalog_Лиды","StandardODATA.Catalog_Лиды","29","Ref_Key, Predefined, PredefinedDataName, DataVersion, Description, Code, Parent_Key, IsFolder, DeletionMark, АдресЭПДляПоиска, ВариантЗавершения, ГруппаДоступа_Key, ДатаЗавершенияРаботы, ДатаСоздания, ЗаметкиЗавершенияРаботы, ИсточникПривлечения_Key, Комментарий, КонтактыПеренесены, НаименованиеКомпании, НомерТелефонаДляПоиска, ОсновныеСведения, Ответственный_Key, ПричинаНеуспешногоЗавершенияРаботы_Key, СостояниеЛида_Key, ДополнительныеРеквизиты, КонтактнаяИнформация, Теги, УдалитьКонтактнаяИнформация, УдалитьКонтакты"
"Catalog_Номенклатура","StandardODATA.Catalog_Номенклатура","121","Ref_Key, Predefined, PredefinedDataName, DataVersion, Description, Code, Parent_Key, IsFolder, DeletionMark, Артикул, АлкогольнаяПродукция, ЕдиницаИзмерения_Key, ВариантОграниченияСертификата, ВариантПечатиНабора, ВерхняяГраницаОстатков, Вес, Весовой, ВидАлкогольнойПродукции_Key, ВидМаркировки, ВидПродукцииИС, АвтоматическиГенерироватьПартии, ВыписыватьГарантийныйТалон, Высота, ГарантийныйСрок, ДатаИзменения, ДатаОкончанияДействия, Длина, ИспользоватьСерииНоменклатуры, Изготовитель_Key, ИмпортнаяАлкогольнаяПродукция, ИсключитьИзПрайсЛистов, ИспользоватьДатуПроизводстваПартии, ИспользоватьЗаписьСкладскогоЖурналаВЕТИСПартии, ИспользоватьИдентификаторПартииВЕТИСПартии, ИспользоватьНомерПартии, ИспользоватьПартии, ИспользоватьПроизводителяВЕТИСПартии, НаименованиеПолное, ИспользоватьСрокГодностиПартии, ИспользоватьХарактеристики, КатегорияНоменклатуры_Key, КиЗГИСМ, КиЗГИСМGTIN, КиЗГИСМВид, КиЗГИСМРазмер, КиЗГИСМСпособВыпускаВОборот, КодМедицинскогоИзделия, КоличествоПериодовДействия, Комментарий, Крепость, МетодОценки, СтранаПроисхождения_Key, НаправлениеДеятельности_Key, Недействителен, НижняяГраницаОстатков, Номинал, НормаВремени, ОбувнаяПродукция, Объем, ОбъемДАЛ, PS_ВидНоменклатурыБУ, PS_ТипНоменклатурыБУ, PS_ГруппаЗапЧастейБУ, PS_Упаковка_Key, PS_НаборУпаковок_Key, Периодичность, ПодконтрольнаяПродукцияВЕТИС, Поставщик_Key, ПроверятьЗаполнениеПартий, ПроверятьЗаполнениеХарактеристики, Производитель_Key, ПроизводительИмпортерАлкогольнойПродукции_Key, ПроизвольныйНоминал, РеквизитДопУпорядочиванияУНФ, РекомендуемЗаказать, Склад_Key, СпособОграниченияСертификата, СпособПополнения, СпособРасчетаЦеныНабора, СредствоИндивидуальнойЗащиты, СрокДействияФлагаНовинка, СрокИсполненияЗаказа, СрокПополнения, ВидСтавкиНДС, СчетУчетаДоходов_Key, СчетУчетаЗапасов_Key, СчетУчетаЗатрат_Key, ТабачнаяПродукция, УдалитьСтавкаНДС_Key, ТипСрокаДействия, ТНВЭДГИСМ, ТоварнаяНоменклатураВЭД_Key, ТолькоПоддержкаОстаткаПриРасчетеПотребностей, УдалитьСпецификация_Key, ТипНоменклатуры, ФайлКартинки_Key, ФиксированнаяСтоимость, ЦеноваяГруппа_Key, ЧастичноеПогашение, ШиныИПокрышки, Ширина, ЭтоНабор, ЭтоНовинка, Ячейка_Key, ПодакцизныйТовар, ПолитикаУчетаСерий_Key, ИндивидуальныеНастройкиПолитикиУчетаСерий, ИспользоватьСрокГодностиСерии, ИспользоватьДатуПроизводстваСерии, ТочностьУказанияСрокаГодностиСерии, ИспользоватьУникальныеСерии, ЭтоАгентскаяУслуга, Договор_Key, СрокГодности, ЕдиницаИзмеренияСрокаГодности, ПрослеживаемыйТовар, ВесПоСертификатуТовара, КодОКПД2, ДополнительныеРеквизиты, НоменклатураГруппыЦеновыеГруппы, PS_ТипНоменклатурыБУ_Type"
"Catalog_ПрайсЛисты","StandardODATA.Catalog_ПрайсЛисты","56","Ref_Key, Predefined, PredefinedDataName, DataVersion, Description, Code, DeletionMark, Автор_Key, Валюта_Key, ВариантыСортировки, ВидЦен1_Key, ВидЦен2_Key, ВидЦенСравнить, ВидЦенУсловие, ВыводитьДатуФормирования, ДатаРасчетаКурсаВалюты, ДатаФормирования, ЕстьИзменныеОпцииОтборов, ЕстьИзменныеОпцииОформления, ИерархияСодержимого, ИзменятьРазмерПропорционально, Индивидуальный, ИсключитьПустыеВидыЦен, КартинкаВысота, КартинкаШирина, КоличествоКолонок, МаксимальнаяЦена, МинимальнаяЦена, НазваниеЦеныПредставлением, Недействителен, НоменклатураБезЦен, Описание, Организация_Key, ОтборОрганизация_Key, ОтборСклад_Key, ОтмечатьНовинки, ПериодЦен, ПечатьПрайсЛиста, ПредставлениеОстатков, ТекстовоеПредставлениеОстатковДостаточно, ТекстовоеПредставлениеОстатковМало, ТекстовоеПредставлениеОстатковМного, УдалитьВыводитьКонтактнуюИнформацию, УдалитьПоложениеТекстаОтносительноМеткиНовинка, УказатьКонтактыОтветственного, УсловнаяЦена, УсловнаяЦенаЗначение, УсловнаяЦенаЗначениеДо, УсловнаяЦенаУсловие, ФормироватьПоНаличию, ПредставлениеНоменклатуры, Номенклатура, ВидыЦен, КатегорииНоменклатуры, ЦеновыеГруппы, ОтборНоменклатуры"
"Catalog_СерверыДокументооборота","StandardODATA.Catalog_СерверыДокументооборота","12","Ref_Key, Predefined, PredefinedDataName, DataVersion, Description, Code, DeletionMark, АдресЭлектроннойПочтыФНС, ДлительностьОжиданияСервера, Сертификат, АдресЭлектроннойПочтыПФР, АдресЭлектроннойПочтыФСГС"
"Catalog_СерииНоменклатуры","StandardODATA.Catalog_СерииНоменклатуры","20","Ref_Key, Predefined, PredefinedDataName, DataVersion, Description, Owner_Key, DeletionMark, Продан, НомерКиЗГИСМ, RFIDTID, RFIDUser, RFIDEPC, EPCGTIN, НомерГИСМ, ГоденДо, ДатаПроизводства, ПроизводительВЕТИС_Key, ЗаписьСкладскогоЖурналаВЕТИС_Key, ИдентификаторПартииВЕТИС, ДополнительныеРеквизиты"
"Catalog_СлужбыДоставки","StandardODATA.Catalog_СлужбыДоставки","20","Ref_Key, Predefined, PredefinedDataName, DataVersion, Description, Code, DeletionMark, ФормулаСтоимости, ФормулаСебестоимости, ВариантУчета, УдалитьСтатьяЗатрат_Key, ИдентификаторЯндекса, ВозможенСамопривозНаЕдиныйСклад, ВозможенЗаборНаЕдиныйСклад, ВозможенСамопривозНаСкладСлужбыДоставки, ВозможенЗаборНаСкладСлужбыДоставки, ПараметрыРасчетов, ЗначенияФормулы, ДоступныеСпособыДоставки, ДоступныеСпособыОтгрузки"
"Catalog_СлужбыДоставки_ДоступныеСпособыДоставки","StandardODATA.Catalog_СлужбыДоставки_ДоступныеСпособыДоставки","3","Ref_Key, LineNumber, СпособДоставки"
"Catalog_СлужбыДоставки_ДоступныеСпособыОтгрузки","StandardODATA.Catalog_СлужбыДоставки_ДоступныеСпособыОтгрузки","3","Ref_Key, LineNumber, СпособОтгрузки"
"Catalog_СтруктурныеЕдиницы","StandardODATA.Catalog_СтруктурныеЕдиницы","43","Ref_Key, Predefined, PredefinedDataName, DataVersion, Description, Code, Parent_Key, DeletionMark, ТипСтруктурнойЕдиницы, ОрдерныйСклад, Организация_Key, МОЛ_Key, ПодписьМОЛ_Key, РозничныйВидЦен_Key, СчетУчетаВРознице_Key, СчетУчетаНаценки_Key, ИсточникПеремещения_Key, ЯчейкаИсточникаПеремещения_Key, ПолучательПеремещения_Key, ЯчейкаПолучателяПеремещения_Key, ПолучательОтходов_Key, ЯчейкаПолучателяОтходов_Key, ИсточникСписанияНаРасходы_Key, ЯчейкаИсточникаСписанияНаРасходы_Key, ПолучательСписанияНаРасходы_Key, ЯчейкаПолучателяСписанияНаРасходы_Key, ИсточникПередачиВЭксплуатацию_Key, ЯчейкаИсточникаПередачиВЭксплуатацию_Key, ПолучательПередачиВЭксплуатацию_Key, ЯчейкаПолучателяПередачиВЭксплуатацию_Key, ИсточникВозвратаИзЭксплуатации_Key, ЯчейкаИсточникаВозвратаИзЭксплуатации_Key, ПолучательВозвратаИзЭксплуатации_Key, PS_СтруктурнаяЕдиницаБУ_Key, ЯчейкаПолучателяВозвратаИзЭксплуатации_Key, УсловияХранения, ГоловнаяОрганизация_Key, КПП, НаименованиеПолное, ЦифровойИндексОбособленногоПодразделения, Недействителен, ДополнительныеРеквизиты, КонтактнаяИнформация"
"Catalog_УдалитьСерверыДокументооборота","StandardODATA.Catalog_УдалитьСерверыДокументооборота","12","Ref_Key, Predefined, PredefinedDataName, DataVersion, Description, Code, DeletionMark, АдресЭлектроннойПочтыФНС, ДлительностьОжиданияСервера, Сертификат, АдресЭлектроннойПочтыПФР, АдресЭлектроннойПочтыФСГС"
"Catalog_УчетныеЗаписиЭлектроннойПочты","StandardODATA.Catalog_УчетныеЗаписиЭлектроннойПочты","28","Ref_Key, Predefined, PredefinedDataName, DataVersion, Description, DeletionMark, АдресЭлектроннойПочты, ВремяОжидания, ИмяПользователя, ИспользоватьДляОтправки, ИспользоватьДляПолучения, ИспользоватьЗащищенноеСоединениеДляВходящейПочты, ИспользоватьЗащищенноеСоединениеДляИсходящейПочты, ОставлятьКопииСообщенийНаСервере, ПериодХраненияСообщенийНаСервере, Пользователь, ПользовательSMTP, ПортСервераВходящейПочты, ПортСервераИсходящейПочты, ПротоколВходящейПочты, СерверВходящейПочты, СерверИсходящейПочты, ТребуетсяВходНаСерверПередОтправкой, ОтправлятьСкрытыеКопииПисемНаЭтотАдрес, ВладелецУчетнойЗаписи_Key, Недействителен, ЧислоПопытокУзнатьИдентификаторОтправленногоПисьма, ПриОтправкеПисемТребуетсяАвторизация"
"Catalog_ШаблоныКалькуляций","StandardODATA.Catalog_ШаблоныКалькуляций","9","Ref_Key, Predefined, PredefinedDataName, DataVersion, Description, Code, DeletionMark, Запасы, Расходы"
"Catalog_ШаблоныКалькуляций_Запасы","StandardODATA.Catalog_ШаблоныКалькуляций_Запасы","9","Ref_Key, LineNumber, Номенклатура_Key, Характеристика_Key, Спецификация_Key, Количество, ЕдиницаИзмерения, КлючСвязи, ЕдиницаИзмерения_Type"
"ChartOfCharacteristicTypes_ДополнительныеРеквизитыИСведения","StandardODATA.ChartOfCharacteristicTypes_ДополнительныеРеквизитыИСведения","27","Ref_Key, Predefined, PredefinedDataName, DataVersion, Description, DeletionMark, ValueType, Виден, ВладелецДополнительныхЗначений_Key, ВыводитьВВидеГиперссылки, ДополнительныеЗначенияИспользуются, ДополнительныеЗначенияСВесом, Доступен, Заголовок, ЗаголовокФормыВыбораЗначения, ЗаголовокФормыЗначения, ЗаполнятьОбязательно, Имя, Комментарий, МногострочноеПолеВвода, Подсказка, ФорматСвойства, ЭтоДополнительноеСведение, НаборСвойств_Key, ИдентификаторДляФормул, ЗависимостиДополнительныхРеквизитов, Представления"
"Document_АвансовыйОтчет","StandardODATA.Document_АвансовыйОтчет","37","Ref_Key, DataVersion, Number, Date, DeletionMark, Posted, Автор_Key, ВалютаДокумента_Key, ДокументОснование, Комментарий, Кратность, Курс, НалогообложениеНДС, НДСВключатьВСтоимость, Организация_Key, ПодписьБухгалтера_Key, ПодписьГлавногоБухгалтера_Key, ПодписьРуководителя_Key, Сотрудник_Key, СуммаВключаетНДС, СуммаДокумента, СчетФактураДатаВыставления, СчетФактураДоговорКонтрагента_Key, СчетФактураКонтрагент_Key, УчитыватьВНУ, ХозяйственнаяОперация_Key, НазначениеАванса, КоличествоДокументов, КоличествоЛистов, Проект_Key, PS_ОтражатьВБухгалтерскомУчете, ВыданныеАвансы, Запасы, Расходы, Оплаты, ДополнительныеРеквизиты, ДокументОснование_Type"
"Document_АвансовыйОтчет_Запасы","StandardODATA.Document_АвансовыйОтчет_Запасы","21","Ref_Key, LineNumber, Номенклатура_Key, Характеристика_Key, Партия_Key, ЕдиницаИзмерения, Количество, Цена, Сумма, СтавкаНДС_Key, СуммаНДС, Всего, ЗаказПокупателя_Key, СтруктурнаяЕдиница_Key, Ячейка_Key, ДатаВходящегоДокумента, НомерВходящегоДокумента, Содержание, Статья_Key, ТоварыДляПроизводства, ЕдиницаИзмерения_Type"
"Document_Бюджет","StandardODATA.Document_Бюджет","24","Ref_Key, DataVersion, Number, Date, DeletionMark, Posted, Организация_Key, СценарийПланирования_Key, Комментарий, Автор_Key, ХозяйственнаяОперация_Key, ДатаНачала, ДатаОкончания, ИспользоватьПродвинутыйРежимПросмотра, Проект_Key, Подразделение_Key, Остатки, ПрямыеЗатраты, КосвенныеЗатраты, Поступления, Выбытия, Доходы, Расходы, Операции"
"Document_Бюджет_Остатки","StandardODATA.Document_Бюджет_Остатки","5","Ref_Key, LineNumber, Счет_Key, Сумма, Комментарий"
"Document_Бюджет_Поступления","StandardODATA.Document_Бюджет_Поступления","10","Ref_Key, LineNumber, ДатаПланирования, Статья_Key, Сумма, Счет_Key, КоррСчет_Key, Проект_Key, СтруктурнаяЕдиница_Key, Комментарий"
"Document_ВводНачальныхОстатков","StandardODATA.Document_ВводНачальныхОстатков","31","Ref_Key, DataVersion, Number, Date, DeletionMark, Posted, Организация_Key, РазделУчета, Комментарий, Автоформирование, Автор_Key, ХозяйственнаяОперация_Key, ВнеоборотныеАктивы, Запасы, ЗапасыВРазрезеГТД, ЗапасыПереданныеВРазрезеГТД, ЗапасыПринятыеВРазрезеГТД, ПрямыеЗатраты, ЗапасыПереданные, ЗапасыПринятые, ДенежныеСредства, РасчетыСПокупателями, РасчетыСПоставщиками, РасчетыПоНалогам, РасчетыСПерсоналом, РасчетыСПодотчетниками, ПрочиеРазделы, РасчетыПоЭквайрингу, СерииНоменклатуры, ЗакупкиДляКУДИР, РасчетыСФондамиПоСтраховымВзносам"
"Document_ВводНачальныхОстатков_ВнеоборотныеАктивы","StandardODATA.Document_ВводНачальныхОстатков_ВнеоборотныеАктивы","12","Ref_Key, LineNumber, ВнеоборотныйАктив_Key, ОбъемПродукцииРаботДляВычисленияАмортизации, НачислятьАмортизацию, СрокИспользованияДляВычисленияАмортизации, ТекущаяВыработкаКоличество, ТекущаяНачисленнаяАмортизация, ТекущееСостояниеВнеоборотногоАктива, СтруктурнаяЕдиница_Key, СчетЗатрат_Key, НаправлениеДеятельности_Key"
"Document_ВводНачальныхОстатков_ДенежныеСредства","StandardODATA.Document_ВводНачальныхОстатков_ДенежныеСредства","7","Ref_Key, LineNumber, БанковскийСчетКасса, ВалютаДенежныхСредств_Key, СуммаВал, Сумма, БанковскийСчетКасса_Type"
"Document_ВводНачальныхОстатков_ЗакупкиДляКУДИР","StandardODATA.Document_ВводНачальныхОстатков_ЗакупкиДляКУДИР","8","Ref_Key, LineNumber, ДатаДокумента, НомерДокумента, Номенклатура_Key, Количество, Сумма, СуммаНДС"
"Document_ВводНачальныхОстатков_Запасы","StandardODATA.Document_ВводНачальныхОстатков_Запасы","15","Ref_Key, LineNumber, СтруктурнаяЕдиница_Key, Ячейка_Key, Номенклатура_Key, Характеристика_Key, Партия_Key, СерииНоменклатуры, ЕдиницаИзмерения, Количество, Цена, Сумма, ЗаказПокупателя_Key, КлючСвязи, ЕдиницаИзмерения_Type"
"Document_ВводНачальныхОстатков_ЗапасыВРазрезеГТД","StandardODATA.Document_ВводНачальныхОстатков_ЗапасыВРазрезеГТД","10","Ref_Key, LineNumber, Номенклатура_Key, Характеристика_Key, Партия_Key, Количество, ЕдиницаИзмерения, СтранаПроисхождения_Key, НомерГТД_Key, ЕдиницаИзмерения_Type"
"Document_ВводНачальныхОстатков_ЗапасыПереданные","StandardODATA.Document_ВводНачальныхОстатков_ЗапасыПереданные","15","Ref_Key, LineNumber, ВидОперации, Контрагент_Key, Договор_Key, Заказ, Номенклатура_Key, Характеристика_Key, Партия_Key, ЕдиницаИзмерения, Количество, СуммаРасчетов, Себестоимость, Заказ_Type, ЕдиницаИзмерения_Type"
"Document_ВводНачальныхОстатков_ЗапасыПереданныеВРазрезеГТД","StandardODATA.Document_ВводНачальныхОстатков_ЗапасыПереданныеВРазрезеГТД","11","Ref_Key, LineNumber, Номенклатура_Key, Характеристика_Key, Партия_Key, Количество, ЕдиницаИзмерения, СтранаПроисхождения_Key, НомерГТД_Key, ДокументПередачи_Key, ЕдиницаИзмерения_Type"
"Document_ВводНачальныхОстатков_ЗапасыПринятые","StandardODATA.Document_ВводНачальныхОстатков_ЗапасыПринятые","16","Ref_Key, LineNumber, ВидОперации, Контрагент_Key, Договор_Key, Заказ, СтруктурнаяЕдиница_Key, Ячейка_Key, Номенклатура_Key, Характеристика_Key, Партия_Key, ЕдиницаИзмерения, Количество, СуммаРасчетов, Заказ_Type, ЕдиницаИзмерения_Type"
"Document_ВводНачальныхОстатков_ЗапасыПринятыеВРазрезеГТД","StandardODATA.Document_ВводНачальныхОстатков_ЗапасыПринятыеВРазрезеГТД","11","Ref_Key, LineNumber, Номенклатура_Key, Характеристика_Key, Партия_Key, Количество, ЕдиницаИзмерения, СтранаПроисхождения_Key, НомерГТД_Key, ДокументПриема_Key, ЕдиницаИзмерения_Type"
"Document_ВводНачальныхОстатков_ПрочиеРазделы","StandardODATA.Document_ВводНачальныхОстатков_ПрочиеРазделы","8","Ref_Key, LineNumber, ВидДвижения, Счет_Key, Сумма, Валюта_Key, СуммаВал, Содержание"
"Document_ВводНачальныхОстатков_ПрямыеЗатраты","StandardODATA.Document_ВводНачальныхОстатков_ПрямыеЗатраты","6","Ref_Key, LineNumber, СтруктурнаяЕдиница_Key, СчетЗатрат_Key, ЗаказПокупателя_Key, Сумма"
"Document_ВводНачальныхОстатков_РасчетыПоНалогам","StandardODATA.Document_ВводНачальныхОстатков_РасчетыПоНалогам","4","Ref_Key, LineNumber, ВидНалога_Key, Сумма"
"Document_ВводНачальныхОстатков_РасчетыПоЭквайрингу","StandardODATA.Document_ВводНачальныхОстатков_РасчетыПоЭквайрингу","7","Ref_Key, LineNumber, ЭквайринговыйТерминал_Key, Сумма, Комиссия, СуммаВал, КомиссияВал"
"Document_ВводНачальныхОстатков_РасчетыСПерсоналом","StandardODATA.Document_ВводНачальныхОстатков_РасчетыСПерсоналом","8","Ref_Key, LineNumber, СтруктурнаяЕдиница_Key, Сотрудник_Key, Валюта_Key, СуммаВал, Сумма, ПериодРегистрации"
"Document_ВводНачальныхОстатков_РасчетыСПодотчетниками","StandardODATA.Document_ВводНачальныхОстатков_РасчетыСПодотчетниками","9","Ref_Key, LineNumber, Сотрудник_Key, Валюта_Key, Документ, СуммаВал, Сумма, Перерасход, Документ_Type"
"Document_ВводНачальныхОстатков_РасчетыСПокупателями","StandardODATA.Document_ВводНачальныхОстатков_РасчетыСПокупателями","12","Ref_Key, LineNumber, Контрагент_Key, Договор_Key, ПризнакАванса, ЗаказПокупателя_Key, Документ, СуммаВал, Сумма, СуммаРег, СчетНаОплату_Key, Документ_Type"
"Document_ВводНачальныхОстатков_РасчетыСПоставщиками","StandardODATA.Document_ВводНачальныхОстатков_РасчетыСПоставщиками","12","Ref_Key, LineNumber, Контрагент_Key, Договор_Key, ПризнакАванса, ЗаказПоставщику_Key, Документ, СуммаВал, Сумма, СуммаРег, СчетНаОплату_Key, Документ_Type"
"Document_ВводНачальныхОстатков_РасчетыСФондамиПоСтраховымВзносам","StandardODATA.Document_ВводНачальныхОстатков_РасчетыСФондамиПоСтраховымВзносам","6","Ref_Key, LineNumber, ЭтоПереплата, Сотрудник_Key, ВидОбязательногоСтрахованияСотрудников, Сумма"
"Document_ВводНачальныхОстатков_СерииНоменклатуры","StandardODATA.Document_ВводНачальныхОстатков_СерииНоменклатуры","5","Ref_Key, LineNumber, Серия_Key, КлючСвязи, Количество"
"Document_ВнесениеНаличных","StandardODATA.Document_ВнесениеНаличных","15","Ref_Key, DataVersion, Number, Date, DeletionMark, Posted, Автор_Key, КассаККМ_Key, Комментарий, Организация_Key, СуммаДокумента, ВалютаДенежныхСредств_Key, ДокументОснование, ОтчетОРозничныхПродажах_Key, ДокументОснование_Type"
"Document_ВыемкаНаличных","StandardODATA.Document_ВыемкаНаличных","14","Ref_Key, DataVersion, Number, Date, DeletionMark, Posted, Автор_Key, КассаККМ_Key, Комментарий, Организация_Key, СуммаДокумента, ВалютаДенежныхСредств_Key, ОтчетОРозничныхПродажах_Key, ДоговорПлатежногоАгента_Key"
"Document_Доверенность","StandardODATA.Document_Доверенность","22","Ref_Key, DataVersion, Number, Date, DeletionMark, Posted, Автор_Key, БанковскийСчет_Key, ДатаДействия, Договор_Key, ДокументОснование, Комментарий, Контрагент_Key, НаПолучениеОт, Организация_Key, ПоДокументу, ПодписьГлавногоБухгалтера_Key, ПодписьРуководителя_Key, ФизЛицо_Key, ХозяйственнаяОперация_Key, Запасы, ДокументОснование_Type"
"Document_Доверенность_Запасы","StandardODATA.Document_Доверенность_Запасы","5","Ref_Key, LineNumber, НаименованиеТовара, ЕдиницаИзмерения, Количество"
"Document_ДополнительныеРасходы","StandardODATA.Document_ДополнительныеРасходы","33","Ref_Key, DataVersion, Number, Date, DeletionMark, Posted, Автор_Key, ВалютаДокумента_Key, ВидЦенКонтрагента_Key, ДатаВходящегоДокумента, Договор_Key, ЗаказПоставщику_Key, Комментарий, Контрагент_Key, Кратность, Курс, НалогообложениеНДС, НДСВключатьВСтоимость, НомерВходящегоДокумента, Организация_Key, Ответственный_Key, Подразделение_Key, СпособЗачетаПредоплаты, СтруктурнаяЕдиница_Key, СуммаВключаетНДС, СуммаДокумента, ХозяйственнаяОперация_Key, РегистрироватьЦеныПоставщика, ПоложениеСклада, PS_ОтражатьВБухгалтерскомУчете, Запасы, Расходы, Предоплата"
"Document_ДополнительныеРасходы_Запасы","StandardODATA.Document_ДополнительныеРасходы_Запасы","20","Ref_Key, LineNumber, ДокументПоступления, Номенклатура_Key, Характеристика_Key, Партия_Key, Количество, ЕдиницаИзмерения, Цена, Сумма, СтавкаНДС_Key, СуммаНДС, Всего, ЗаказПокупателя_Key, СуммаРасходов, Коэффициент, PS_СуммаРасходовНДС, СтруктурнаяЕдиница_Key, ДокументПоступления_Type, ЕдиницаИзмерения_Type"
"Document_ЗаказНаПроизводство","StandardODATA.Document_ЗаказНаПроизводство","46","Ref_Key, DataVersion, Number, Date, DeletionMark, Posted, Автор_Key, ВариантЗавершения, ВидОперации, ДокументОснование, ЗаказНаПроизводствоОснование_Key, ЗаказПокупателя_Key, Заметки, Комментарий, Организация_Key, Ответственный_Key, СостояниеЗаказа_Key, СписокНоменклатуры, СписокРесурсов, Старт, СтруктурнаяЕдиница_Key, СтруктурнаяЕдиницаРезерв_Key, УдалитьЗакрыт, Финиш, ХозяйственнаяОперация_Key, ПоложениеСклада, ПоложениеЗаказаПокупателя, РучноеРаспределение, Исполнитель, ПоложениеИсполнителя, ИсполнительПредставление, СтруктурнаяЕдиницаОпераций_Key, ПоложениеСтруктурнойЕдиницыОпераций, СтруктурнаяЕдиницаОперацийПредставление, ЗапланированыОперации, УчетПотребностиПоЗаказамНаПроизводство, Продукция, Запасы, РесурсыПредприятия, ДополнительныеРеквизиты, РаспределениеЗапасов, Операции, СоставБригады, РеквизитыПараметрическихСпецификаций, ДокументОснование_Type, Исполнитель_Type"
"Document_ЗаказНаПроизводство_Запасы","StandardODATA.Document_ЗаказНаПроизводство_Запасы","15","Ref_Key, LineNumber, Номенклатура_Key, Характеристика_Key, Количество, ЕдиницаИзмерения, Спецификация_Key, Резерв, Партия_Key, СтруктурнаяЕдиница_Key, ЗаказПокупателя_Key, КлючСвязи, ДоляСтоимости, Этап_Key, ЕдиницаИзмерения_Type"
"Document_ЗаказНаПроизводство_Продукция","StandardODATA.Document_ЗаказНаПроизводство_Продукция","15","Ref_Key, LineNumber, Номенклатура_Key, ТипНоменклатуры, Характеристика_Key, Количество, Резерв, ЕдиницаИзмерения, Спецификация_Key, Партия_Key, СтруктурнаяЕдиница_Key, ЗаказПокупателя_Key, КлючСвязи, ПодразделениеЗавершающегоЭтапа_Key, ЕдиницаИзмерения_Type"
"Document_ЗаказНаПроизводство_РаспределениеЗапасов","StandardODATA.Document_ЗаказНаПроизводство_РаспределениеЗапасов","14","Ref_Key, LineNumber, Количество, КлючСвязиПродукция, УдалитьКлючСвязиЗапасы, Номенклатура_Key, Характеристика_Key, ЕдиницаИзмерения, Спецификация_Key, Партия_Key, СтруктурнаяЕдиница_Key, ЗаказПокупателя_Key, Этап_Key, ЕдиницаИзмерения_Type"
"Document_ЗаказПокупателя","StandardODATA.Document_ЗаказПокупателя","152","Ref_Key, DataVersion, Number, Date, DeletionMark, Posted, Автор_Key, АдресДоставки, АдресДоставкиЗначение, АдресДоставкиЗначенияПолей, АдресЭП, БанковскийСчет_Key, БанковскийСчетКонтрагента_Key, ВалютаДокумента_Key, ВариантЗавершения, Вес, ВидЗаказа, ВидимостьИндикатораТребуетсяРасчет, ВидОперации, ВидРабот_Key, ВидСкидкиНаценки_Key, ВидЦен_Key, ВидЭлектронногоДокумента, ВремяДоставкиПо, ВремяДоставкиС, Высота, Грузоотправитель_Key, Грузополучатель_Key, ДатаВходящегоДокумента, ДатаИзменения, ДатаОтгрузки, ДисконтнаяКарта_Key, Длина, ДоверенностьВыдана, ДоверенностьДата, ДоверенностьЛицо_Key, ДоверенностьНомер, Договор_Key, ДокументОснование, ДополнительнаяИнформацияПоДоставке, Заметки, ЗапаснойТелефон, ЗапланироватьОплату, ЗонаТариф_Key, ИдентификаторНаправленияДоставки, ИдентификаторПлатежа, ИспользоватьЗарплатаИсполнителей, ИспользоватьМатериалы, ИспользоватьМатериалыЗаказчика, ИспользоватьТовары, ИсточникПривлечения_Key, КалькуляцияРассчитана, Касса_Key, КассаККМ_Key, КоличествоВариантовКП, Комментарий, КомментарийКалькуляции, КонтактноеЛицо, КонтактноеЛицоПодписант_Key, КонтактныйТелефон, Контрагент_Key, Кратность, Курс, Курьер_Key, НалогообложениеНДС, НДСВключатьВСтоимость, НоменклатураДоставки_Key, НомерВходящегоДокумента, НомерСменыККМ, НомерЧекаККМ, Объем, ОбъявленнаяЦенность, ОжидаемаяДатаВручения, ОжидаетсяВыборВариантаКП, Организация_Key, ОснованиеПечати, ОснованиеПечатиСсылка, ОсновнойВариантКП, Ответственный_Key, ПодписьГлавногоБухгалтера_Key, ПодписьКассира_Key, ПодписьКладовщика_Key, ПодписьРуководителя_Key, ПоложениеВидаРабот, ПоложениеДатыОтгрузки, ПоложениеСклада, ПочтаПолучателя, ПричинаОтмены_Key, Проект_Key, ПроцентСкидкиПоДисконтнойКарте, ПунктВыдачиЗаказа_Key, СкидкиРассчитаны, СлужбаДоставки_Key, Событие_Key, СостояниеЗаказа, СпециальныйНалоговыйРежим, СписокНоменклатуры, СписокРесурсов, СпособДоставки, СпособЗачетаПредоплаты, СпособОтгрузки, СпособРасчетаСебестоимостиКалькуляции, СтавкаНДСДоставки_Key, Старт, СтоимостьДоставки, СтруктурнаяЕдиницаПродажи_Key, СтруктурнаяЕдиницаРезерв_Key, СуммаВключаетНДС, СуммаДокумента, СуммаНДСДоставки, Телефон, ТипДенежныхСредств, ТрекНомер, УдалитьЗакрыт, УдалитьИспользоватьФаксимиле, УсловияГарантийногоТалона_Key, УсловияКоммерческогоПредложения_Key, УсловияСчетаЗаказа_Key, УчитыватьВНУ, Финиш, ХозяйственнаяОперация_Key, ШаблонКалькуляции_Key, Ширина, Ячейка_Key, РасчетКалькуляцииПоДаннымТЧ, СебестоимостьДоставки, СсылкаДляОплаты, СозданИзКабинетаКлиента, СервисДоставки, Запасы, МатериалыЗаказчика, ПлатежныйКалендарь, Работы, Исполнители, Материалы, РесурсыПредприятия, Предоплата, ДополнительныеРеквизиты, ИнформацияПоКонтрагенту, СкидкиНаценки, СерииНоменклатуры, СерииНоменклатурыМатериалы, Калькуляция, ПараметрыДоставки, ВидыЦенКалькуляции, ДобавленныеНаборы, РеквизитыПараметрическихСпецификаций, ВидЗаказа_Type, ДокументОснование_Type, ОснованиеПечатиСсылка_Type, СостояниеЗаказа_Type, СпособРасчетаСебестоимостиКалькуляции_Type"
"Document_ЗаказПокупателя_Запасы","StandardODATA.Document_ЗаказПокупателя_Запасы","38","Ref_Key, LineNumber, ТипНоменклатурыЗапас, Номенклатура, Характеристика_Key, СерииНоменклатуры, Резерв, РезервОтгрузка, ЕдиницаИзмерения, Цена, ПроцентСкидкиНаценки, СуммаСкидкиНаценки, Сумма, СтавкаНДС_Key, СуммаНДС, Всего, ДатаОтгрузки, Спецификация_Key, Содержание, ПроцентАвтоматическойСкидки, СуммаАвтоматическойСкидки, Количество, КлючСвязи, СтранаПроисхождения_Key, НомерГТД_Key, Партия_Key, Вес, Объем, НомерВариантаКП, ЭтоРазделитель, НоменклатураНабора_Key, ХарактеристикаНабора_Key, ДоляСтоимости, СтруктурнаяЕдиницаРезерв_Key, Ячейка_Key, КоличествоСобрано, Номенклатура_Type, ЕдиницаИзмерения_Type"
"Document_ЗаказПокупателя_Материалы","StandardODATA.Document_ЗаказПокупателя_Материалы","17","Ref_Key, LineNumber, КлючСвязи, Номенклатура_Key, Характеристика_Key, Партия_Key, СерииНоменклатуры, Количество, Резерв, РезервОтгрузка, ЕдиницаИзмерения, СтранаПроисхождения_Key, НомерГТД_Key, КлючСвязиСерииНоменклатуры, СтруктурнаяЕдиницаРезерв_Key, Ячейка_Key, ЕдиницаИзмерения_Type"
"Document_ЗаказПокупателя_МатериалыЗаказчика","StandardODATA.Document_ЗаказПокупателя_МатериалыЗаказчика","8","Ref_Key, LineNumber, Номенклатура_Key, Характеристика_Key, Количество, ЕдиницаИзмерения, ДатаПоступления, ЕдиницаИзмерения_Type"
"Document_ЗаказПоставщику","StandardODATA.Document_ЗаказПоставщику","47","Ref_Key, DataVersion, Number, Date, DeletionMark, Posted, Автор_Key, БанковскийСчет_Key, ВалютаДокумента_Key, ВариантЗавершения, ВидОперации, ВидЦенКонтрагента_Key, ДатаВходящегоДокумента, ДатаПоступления, Договор_Key, ЕстьКиЗГИСМ, ЗаказПокупателя_Key, Заметки, ЗапланироватьОплату, Касса_Key, Комментарий, Контрагент_Key, Кратность, Курс, НалогообложениеНДС, НДСВключатьВСтоимость, НомерВходящегоДокумента, Организация_Key, Ответственный_Key, ПоложениеДатыПоступления, Событие_Key, СостояниеЗаказа_Key, СтруктурнаяЕдиница_Key, СтруктурнаяЕдиницаРезерв_Key, СуммаВключаетНДС, СуммаДокумента, ТипДенежныхСредств, УдалитьЗакрыт, ХозяйственнаяОперация_Key, РезервироватьДенежныеСредства, ПоложениеЗаказаПокупателя, ДокументОснование, Запасы, Материалы, ПлатежныйКалендарь, ДополнительныеРеквизиты, ДокументОснование_Type"
"Document_ЗаказПоставщику_Запасы","StandardODATA.Document_ЗаказПоставщику_Запасы","18","Ref_Key, LineNumber, Номенклатура_Key, Характеристика_Key, Количество, ЕдиницаИзмерения, Цена, ПроцентСкидкиНаценки, СуммаСкидкиНаценки, Сумма, СтавкаНДС_Key, СуммаНДС, ДатаПоступления, Всего, Содержание, Спецификация_Key, ЗаказПокупателя_Key, ЕдиницаИзмерения_Type"
"Document_ЗаказПоставщику_Материалы","StandardODATA.Document_ЗаказПоставщику_Материалы","11","Ref_Key, LineNumber, Номенклатура_Key, Характеристика_Key, Количество, Резерв, ЕдиницаИзмерения, ДатаОтгрузки, Спецификация_Key, ЗаказПокупателя_Key, ЕдиницаИзмерения_Type"
"Document_ИнвентаризацияЗапасов","StandardODATA.Document_ИнвентаризацияЗапасов","27","Ref_Key, DataVersion, Number, Date, DeletionMark, Posted, Автор_Key, ВидЦенностей, ДатаОкончания, ДокументОснованиеДата, ДокументОснованиеНомер, Комиссия_Key, Комментарий, НастройкиОтборов_Base64Data, Организация_Key, ПодписьМОЛ1_Key, ПодписьМОЛ2_Key, ПодписьПроверяющего_Key, СтруктурнаяЕдиница_Key, ФормаСобственностиЦенностей, ХозяйственнаяОперация_Key, Ячейка_Key, PS_ОтражатьВБухгалтерскомУчете, Запасы, СерииНоменклатуры, НастройкиОтборов_Type, НастройкиОтборов"
"Document_ИнвентаризацияЗапасов_Запасы","StandardODATA.Document_ИнвентаризацияЗапасов_Запасы","15","Ref_Key, LineNumber, Номенклатура_Key, Характеристика_Key, Партия_Key, СерииНоменклатуры, Отклонение, Количество, КоличествоУчет, ЕдиницаИзмерения, Цена, Сумма, СуммаУчет, КлючСвязи, ЕдиницаИзмерения_Type"
"Document_ИнвентаризацияЗапасов_СерииНоменклатуры","StandardODATA.Document_ИнвентаризацияЗапасов_СерииНоменклатуры","5","Ref_Key, LineNumber, Серия_Key, КлючСвязи, Количество"
"Document_КассоваяСмена","StandardODATA.Document_КассоваяСмена","26","Ref_Key, DataVersion, Number, Date, DeletionMark, Posted, ДатаПервогоНепереданногоФД, ДатаСменыККТ, КассаККМ_Key, КоличествоНепереданныхФД, КоличествоФД, КоличествоЧеков, Комментарий, НачалоКассовойСмены, НеобходимаСтрочнаяЗаменаФН, НомерСменыККТ, ОкончаниеКассовойСмены, Организация_Key, ПамятьФНПереполнена, ПревышеноВремяОжиданияОтветаОФД, РесурсФНИсчерпан, Статус, ФДОЗакрытииСмены_Base64Data, ФискальноеУстройство_Key, ФДОЗакрытииСмены_Type, ФДОЗакрытииСмены"
"Document_КорректировкаПоступления","StandardODATA.Document_КорректировкаПоступления","50","Ref_Key, DataVersion, Number, Date, DeletionMark, Posted, Автор_Key, ВалютаДокумента_Key, ВидОперации, ВидЦенКонтрагента_Key, ВключатьРасходыВСебестоимость, ДатаВходящегоДокумента, ДатаИсправления, ДатаИсправленияИсходногоДокумента, ДатаИсходногоДокумента, ДисконтнаяКарта_Key, Договор_Key, ДокументОснование, Заказ, ИсправляемыйДокументПоступления, Комментарий, Контрагент_Key, Кратность, Курс, НалогообложениеНДС, НДСВключатьВСтоимость, НомерВходящегоДокумента, НомерИсправления, НомерИсправленияИсходногоДокумента, НомерИсходногоДокумента, Организация_Key, Ответственный_Key, ОтражатьВУчете, Подразделение_Key, РегистрироватьЦеныПоставщика, СтруктурнаяЕдиница_Key, СуммаВключаетНДС, СуммаДокумента, ХозяйственнаяОперация_Key, ЧекККМ_Key, Ячейка_Key, Проект_Key, Запасы, Расходы, Предоплата, ДополнительныеРеквизиты, СведенияПрослеживаемости, ДокументОснование_Type, Заказ_Type, ИсправляемыйДокументПоступления_Type"
"Document_КорректировкаПоступления_ДополнительныеРеквизиты","StandardODATA.Document_КорректировкаПоступления_ДополнительныеРеквизиты","6","Ref_Key, LineNumber, Свойство_Key, Значение, ТекстоваяСтрока, Значение_Type"
"Document_КорректировкаПоступления_Запасы","StandardODATA.Document_КорректировкаПоступления_Запасы","42","Ref_Key, LineNumber, Всего, ВсегоДоИзменения, ВсегоДоКорректировки, ЕдиницаИзмерения, ЕстьВДокументеПоступления, Заказ, ИдентификаторСтроки, КлючСвязи, Количество, КоличествоДоИзменения, КоличествоДоКорректировки, Номенклатура_Key, НомерГТД_Key, НомерГТДДоИзменения_Key, Партия_Key, ПрослеживаемыйТовар, Себестоимость, Содержание, СодержаниеДоИзменения, СтавкаНДС_Key, СтавкаНДСДоИзменения_Key, СтранаПроисхождения_Key, СтруктурнаяЕдиница_Key, Сумма, СуммаДоИзменения, СуммаДоКорректировки, СуммаНДС, СуммаНДСДоИзменения, СуммаНДСДоКорректировки, СуммаРасходов, СуммаРасходовДоИзменения, СуммаРасходовДоКорректировки, ТоварыДляПроизводства, Характеристика_Key, Цена, ЦенаДоИзменения, ЦенаДоКорректировки, Ячейка_Key, ЕдиницаИзмерения_Type, Заказ_Type"
"Document_КорректировкаПоступления_Предоплата","StandardODATA.Document_КорректировкаПоступления_Предоплата","15","Ref_Key, LineNumber, Документ, Заказ, СуммаРасчетовДоКорректировки, СуммаРасчетовДоИзменения, СуммаРасчетов, Курс, Кратность, СуммаПлатежаДоКорректировки, СуммаПлатежаДоИзменения, СуммаПлатежа, ЕстьВДокументеПоступления, Документ_Type, Заказ_Type"
"Document_КорректировкаПоступления_Расходы","StandardODATA.Document_КорректировкаПоступления_Расходы","30","Ref_Key, LineNumber, Номенклатура_Key, ЕдиницаИзмерения, КоличествоДоКорректировки, КоличествоДоИзменения, Количество, ЦенаДоКорректировки, ЦенаДоИзменения, Цена, СуммаДоКорректировки, СуммаДоИзменения, Сумма, СтавкаНДСДоИзменения_Key, СтавкаНДС_Key, СуммаНДСДоКорректировки, СуммаНДСДоИзменения, СуммаНДС, ЗаказПоставщику_Key, ВсегоДоКорректировки, ВсегоДоИзменения, Всего, Заказ_Key, СтруктурнаяЕдиница_Key, НаправлениеДеятельности_Key, СодержаниеДоИзменения, Содержание, КлючСвязи, ЕстьВДокументеПоступления, ЕдиницаИзмерения_Type"
"Document_КорректировкаПоступления_СведенияПрослеживаемости","StandardODATA.Document_КорректировкаПоступления_СведенияПрослеживаемости","6","Ref_Key, LineNumber, РНПТ_Key, Количество, КоличествоПрослеживаемости, ИдентификаторСтроки"
"Document_КорректировкаРеализации","StandardODATA.Document_КорректировкаРеализации","89","Ref_Key, DataVersion, Number, Date, DeletionMark, Posted, Автомобиль_Key, Автор_Key, АдресДоставки, БанковскийСчет_Key, БанковскийСчетКонтрагента_Key, БанковскийСчетПеревозчика_Key, ВалютаДокумента_Key, ВидОперации, ВидСкидкиНаценки_Key, ВидЦен_Key, Водитель_Key, Грузоотправитель_Key, Грузополучатель_Key, ДатаВходящегоДокумента, ДатаИсправленияИсходногоДокумента, ДатаИсправляемогоКорректировочногоДокумента, ДатаИсходногоДокумента, ДисконтнаяКарта_Key, ДоверенностьВыдана, ДоверенностьДата, ДоверенностьЛицо_Key, ДоверенностьНомер, Договор_Key, ДокументОснование, ЕстьВДокументеРеализации, Заказ_Key, ЗапланироватьОплату, ИсправляемыйДокументРеализации, Касса_Key, Комментарий, КонтактноеЛицоПодписант_Key, Контрагент_Key, Кратность, Курс, НалогообложениеНДС, НДСВключатьВСтоимость, НоменклатураДоставки_Key, НомерВходящегоДокумента, НомерИсправления, НомерИсправленияИсходногоДокумента, НомерИсправляемогоКорректировочногоДокумента, НомерИсходногоДокумента, Организация_Key, ОрганизацияОплачиваетПеревозку, Ответственный_Key, ОтражатьВУчете, Перевозчик_Key, ПодписьГлавногоБухгалтера_Key, ПодписьКладовщика_Key, ПодписьРуководителя_Key, Подразделение_Key, Прицеп_Key, СрокДоставки, СтавкаНДСДоставки_Key, СтавкаНДСДоставкиДоИзменения_Key, СтавкаНДСДоставкиДоКорректировки_Key, СтоимостьДоставки, СтоимостьДоставкиДоИзменения, СтоимостьДоставкиДоКорректировки, СтруктурнаяЕдиница_Key, СуммаВключаетНДС, СуммаДокумента, СуммаНДСДоставки, СуммаНДСДоставкиДоИзменения, СуммаНДСДоставкиДоКорректировки, ТипДенежныхСредств, УдалитьГлавныйБухгалтер_Key, УдалитьОснованиеПечати, УдалитьОтпустил_Key, УдалитьОтпустилДолжность_Key, УдалитьРуководитель_Key, УдалитьРуководительДолжность_Key, ХозяйственнаяОперация_Key, Ячейка_Key, Проект_Key, ОтменаДоставки, Запасы, Предоплата, ПлатежныйКалендарь, ДополнительныеРеквизиты, СведенияПрослеживаемости, ДокументОснование_Type, ИсправляемыйДокументРеализации_Type"
"Document_КорректировкаРеализации_Запасы","StandardODATA.Document_КорректировкаРеализации_Запасы","42","Ref_Key, LineNumber, Всего, ВсегоДоИзменения, ВсегоДоКорректировки, ЕдиницаИзмерения, ЕстьВДокументеРеализации, Заказ_Key, ИдентификаторСтроки, КлючСвязи, КодТНВЭД_Key, Количество, КоличествоДоИзменения, КоличествоДоКорректировки, Номенклатура_Key, НоменклатураНабора_Key, НомерГТД_Key, НомерГТДДоИзменения_Key, Партия_Key, ПрослеживаемыйТовар, Резерв, Содержание, СодержаниеДоИзменения, Спецификация_Key, СтавкаНДС_Key, СтавкаНДСДоИзменения_Key, СтранаПроисхождения_Key, СтруктурнаяЕдиница_Key, Сумма, СуммаДоИзменения, СуммаДоКорректировки, СуммаНДС, СуммаНДСДоИзменения, СуммаНДСДоКорректировки, ТипНоменклатурыЗапас, Характеристика_Key, ХарактеристикаНабора_Key, Цена, ЦенаДоИзменения, ЦенаДоКорректировки, Ячейка_Key, ЕдиницаИзмерения_Type"
"Document_ОприходованиеЗапасов","StandardODATA.Document_ОприходованиеЗапасов","22","Ref_Key, DataVersion, Number, Date, DeletionMark, Posted, Автор_Key, ВидЦен_Key, ДокументОснование, Комментарий, Корреспонденция_Key, Организация_Key, ПодписьКладовщика_Key, СтруктурнаяЕдиница_Key, СуммаДокумента, ХозяйственнаяОперация_Key, Ячейка_Key, PS_ОтражатьВБухгалтерскомУчете, Запасы, СерииНоменклатуры, СведенияПрослеживаемости, ДокументОснование_Type"
"Document_ОприходованиеЗапасов_Запасы","StandardODATA.Document_ОприходованиеЗапасов_Запасы","16","Ref_Key, LineNumber, Номенклатура_Key, Характеристика_Key, Партия_Key, СерииНоменклатуры, Количество, ЕдиницаИзмерения, Цена, Сумма, КлючСвязи, СтранаПроисхождения_Key, НомерГТД_Key, ИдентификаторСтроки, ПрослеживаемыйТовар, ЕдиницаИзмерения_Type"
"Document_ОприходованиеЗапасов_СведенияПрослеживаемости","StandardODATA.Document_ОприходованиеЗапасов_СведенияПрослеживаемости","6","Ref_Key, LineNumber, РНПТ_Key, Количество, КоличествоПрослеживаемости, ИдентификаторСтроки"
"Document_ОприходованиеЗапасов_СерииНоменклатуры","StandardODATA.Document_ОприходованиеЗапасов_СерииНоменклатуры","5","Ref_Key, LineNumber, Серия_Key, КлючСвязи, Количество"
"Document_ОтчетОРозничныхПродажах","StandardODATA.Document_ОтчетОРозничныхПродажах","51","Ref_Key, DataVersion, Number, Date, DeletionMark, Posted, Автор_Key, АктСписанияЕГАИС_Key, ВалютаДокумента_Key, ВидСкидкиНаценки_Key, ВидЦен_Key, ЕстьМаркируемаяПродукцияГИСМ, ИдентификаторЧекаШтрихМ, ИнвентаризацияЗапасов_Key, КассаККМ_Key, КассоваяСмена_Key, Комиссия_Key, Комментарий, НалогообложениеНДС, НачалоКассовойСмены, НДСВключатьВСтоимость, НомерКассовойСменыККМ, ОкончаниеКассовойСмены, Организация_Key, Ответственный_Key, Патент_Key, ПереданВЕГАИС, ПодписьЗаведующегоОтделом_Key, ПодписьКассира_Key, ПодписьРуководителя_Key, ПодписьСтаршегоКассира_Key, Подразделение_Key, ПоложениеНастроекНалоговогоУчета, ПоложениеОтветственный, СтатусКассовойСмены, Статья_Key, СтруктурнаяЕдиница_Key, СуммаВключаетНДС, СуммаДокумента, СуммаПредоплаты, УчитыватьВНУ, ХозяйственнаяОперация_Key, ПолученаПредоплата, PS_ОтражатьВБухгалтерскомУчете, Запасы, БезналичнаяОплата, СкидкиНаценки, СерииНоменклатуры, ДобавленныеНаборы, БонусныеБаллыКНачислению, СведенияПрослеживаемости"
"Document_ОтчетОРозничныхПродажах_БезналичнаяОплата","StandardODATA.Document_ОтчетОРозничныхПродажах_БезналичнаяОплата","16","Ref_Key, LineNumber, ВидОплаты, ЭквайринговыйТерминал_Key, ВидПлатежнойКарты, НомерПлатежнойКарты, ПодарочныйСертификат_Key, НомерСертификата_Key, БонуснаяКарта_Key, Сумма, СуммаБонусов, ДатаПлатежа, УчитыватьВНУ, Патент_Key, ЭтоОтмена, ДоговорПлатежногоАгента_Key"
"Document_ОтчетОРозничныхПродажах_Запасы","StandardODATA.Document_ОтчетОРозничныхПродажах_Запасы","41","Ref_Key, LineNumber, ВидСкидкиНаценки_Key, Возврат, Всего, ДисконтнаяКарта_Key, ДокументПродажи_Key, ДоляСтоимости, ЕдиницаИзмерения, Заказ_Key, Исполнитель_Key, КлючСвязи, Количество, Контрагент_Key, Номенклатура_Key, НоменклатураНабора_Key, НомерГТД_Key, Ответственный_Key, Партия_Key, Патент_Key, ПроцентАвтоматическойСкидки, ПроцентСкидкиНаценки, Резерв, СерииНоменклатуры, СтавкаНДС_Key, СтранаПроисхождения_Key, Сумма, СуммаАвтоматическойСкидки, СуммаНДС, СуммаСкидкиНаценки, СуммаСкидкиОплатыБонусом, УчитыватьВНУ, Характеристика_Key, ХарактеристикаНабора_Key, Цена, СтруктурнаяЕдиница_Key, Ячейка_Key, ДоговорПлатежногоАгента_Key, ПрослеживаемыйТовар, ИдентификаторСтроки, ЕдиницаИзмерения_Type"
"Document_ПередачаВА_ВнеоборотныеАктивы","StandardODATA.Document_ПередачаВА_ВнеоборотныеАктивы","11","Ref_Key, LineNumber, ВнеоборотныйАктив_Key, Стоимость, ОстаточнаяСтоимость, Амортизация, АмортизацияЗаМесяц, Сумма, СтавкаНДС_Key, СуммаНДС, Всего"
"Document_ПеремещениеДСПлан","StandardODATA.Document_ПеремещениеДСПлан","21","Ref_Key, DataVersion, Number, Date, DeletionMark, Posted, Организация_Key, Комментарий, СуммаДокумента, ВалютаДокумента_Key, СтатьяДвиженияДенежныхСредств_Key, ТипДенежныхСредств, БанковскийСчет_Key, Касса_Key, ТипДенежныхСредствПолучатель, БанковскийСчетПолучатель_Key, КассаПолучатель_Key, СтатусУтвержденияПлатежа, Автор_Key, ХозяйственнаяОперация_Key, РезервироватьДенежныеСредства"
"Document_ПеремещениеЗапасов","StandardODATA.Document_ПеремещениеЗапасов","70","Ref_Key, DataVersion, Number, Date, DeletionMark, Posted, Автомобиль, Автор_Key, АдресДоставки, БанковскийСчетПеревозчика_Key, ВидОперации, Водитель, Грузоотправитель_Key, Грузополучатель_Key, ДоверенностьВыдана, ДоверенностьДата, ДоверенностьЛицо_Key, ДоверенностьНомер, ДокументОснование, ЗаказПокупателя_Key, Комментарий, НаправлениеДеятельности_Key, Организация_Key, ОснованиеПечати, ОснованиеПечатиСсылка, Перевозчик, ПодписьГлавногоБухгалтера_Key, ПодписьКладовщикаОтправил_Key, ПодписьКладовщикаПолучил_Key, ПодписьКонтролера_Key, ПодписьРуководителя_Key, ПоложениеЗаказаПокупателя, Прицеп, СрокДоставки, СтруктурнаяЕдиница_Key, СтруктурнаяЕдиницаПолучатель_Key, СчетЗатрат_Key, PS_Ответственный_Key, PS_ДатаИсходящегоДокумента, PS_НомерИсходящегоДокумента, PS_АдресПогрузки, PS_ВидПеревозчика, PS_НомерАвтомобиля, PS_НомерПрицепа, PS_НомерПутевогоЛиста, PS_ДатаПутевогоЛиста, PS_ПрилагаемыеДокументы, PS_Переадресовано, PS_ПутевойЛист_Key, PS_ПодписьРазрешающего_Key, УдалитьГлавныйБухгалтер_Key, УдалитьОтпустил_Key, УдалитьОтпустилДолжность_Key, УдалитьРуководитель_Key, УдалитьРуководительДолжность_Key, ХозяйственнаяОперация_Key, Ячейка_Key, ЯчейкаПолучатель_Key, Проект_Key, ПоложениеПроекта, PS_ОтражатьВБухгалтерскомУчете, Запасы, Спецоснастка, ИнвентарьИХозяйственныеПринадлежности, СерииНоменклатуры, ДополнительныеРеквизиты, СведенияПрослеживаемости, ДокументОснование_Type, ОснованиеПечатиСсылка_Type, Перевозчик_Type"
"Document_ПеремещениеЗапасов_ДополнительныеРеквизиты","StandardODATA.Document_ПеремещениеЗапасов_ДополнительныеРеквизиты","6","Ref_Key, LineNumber, Свойство_Key, Значение, ТекстоваяСтрока, Значение_Type"
"Document_ПеремещениеЗапасов_Запасы","StandardODATA.Document_ПеремещениеЗапасов_Запасы","19","Ref_Key, LineNumber, Номенклатура_Key, Характеристика_Key, Партия_Key, СерииНоменклатуры, Количество, Резерв, ЕдиницаИзмерения, ЗаказПокупателя_Key, Себестоимость, Сумма, КлючСвязи, СтранаПроисхождения_Key, НомерГТД_Key, Проект_Key, ИдентификаторСтроки, ПрослеживаемыйТовар, ЕдиницаИзмерения_Type"
"Document_ПеремещениеЗапасов_ИнвентарьИХозяйственныеПринадлежности","StandardODATA.Document_ПеремещениеЗапасов_ИнвентарьИХозяйственныеПринадлежности","10","Ref_Key, LineNumber, Номенклатура_Key, Характеристика_Key, Партия_Key, Количество, ЕдиницаИзмерения, СтранаПроисхождения_Key, НомерГТД_Key, ЕдиницаИзмерения_Type"
"Document_ПеремещениеЗапасов_СведенияПрослеживаемости","StandardODATA.Document_ПеремещениеЗапасов_СведенияПрослеживаемости","6","Ref_Key, LineNumber, РНПТ_Key, Количество, КоличествоПрослеживаемости, ИдентификаторСтроки"
"Document_ПеремещениеЗапасов_СерииНоменклатуры","StandardODATA.Document_ПеремещениеЗапасов_СерииНоменклатуры","5","Ref_Key, LineNumber, Серия_Key, КлючСвязи, Количество"
"Document_ПеремещениеЗапасов_Спецоснастка","StandardODATA.Document_ПеремещениеЗапасов_Спецоснастка","10","Ref_Key, LineNumber, Номенклатура_Key, Характеристика_Key, Партия_Key, Количество, ЕдиницаИзмерения, СтранаПроисхождения_Key, НомерГТД_Key, ЕдиницаИзмерения_Type"
"Document_ПереоценкаВРозницеСуммовойУчет","StandardODATA.Document_ПереоценкаВРозницеСуммовойУчет","15","Ref_Key, DataVersion, Number, Date, DeletionMark, Posted, ВалютаДокумента_Key, Организация_Key, СтруктурнаяЕдиница_Key, ВидЦен_Key, Комментарий, Корреспонденция_Key, Автор_Key, ХозяйственнаяОперация_Key, Запасы"
"Document_ПереоценкаВРозницеСуммовойУчет_Запасы","StandardODATA.Document_ПереоценкаВРозницеСуммовойУчет_Запасы","11","Ref_Key, LineNumber, Номенклатура_Key, Характеристика_Key, Партия_Key, Количество, ЕдиницаИзмерения, Цена, НоваяЦена, Сумма, ЕдиницаИзмерения_Type"
"Document_ПересортицаЗапасов","StandardODATA.Document_ПересортицаЗапасов","31","Ref_Key, DataVersion, Number, Date, DeletionMark, Posted, Организация_Key, СтруктурнаяЕдиница_Key, Ячейка_Key, ДокументОснование, Корреспонденция_Key, УдалитьСписатьЗапасыИзЭксплуатации, Комментарий, Автор_Key, ХозяйственнаяОперация_Key, АктСписанияЕГАИС_Key, ПереданВЕГАИС, ЕстьКиЗГИСМ, ЕстьМаркируемаяПродукцияГИСМ, ПриходоватьТоварыПоСебестоимостиСписания, КорреспонденцияОприходование_Key, ВидЦен_Key, СуммаДокумента, НастройкиОтборов_Base64Data, PS_ОтражатьВБухгалтерскомУчете, Запасы, СерииНоменклатуры, СерииНоменклатурыОприходование, ДокументОснование_Type, НастройкиОтборов_Type, НастройкиОтборов"
"Document_ПересортицаЗапасов_Запасы","StandardODATA.Document_ПересортицаЗапасов_Запасы","22","Ref_Key, LineNumber, Номенклатура_Key, Характеристика_Key, Партия_Key, СерииНоменклатуры, Количество, ЕдиницаИзмерения, КлючСвязи, СтранаПроисхождения_Key, НомерГТД_Key, НоменклатураОприходование_Key, ХарактеристикаОприходование_Key, СерииНоменклатурыОприходование, ЕдиницаИзмеренияОприходование, СтранаПроисхожденияОприходование_Key, НомерГТДОприходование_Key, ПартияОприходование_Key, Цена, Сумма, ЕдиницаИзмерения_Type, ЕдиницаИзмеренияОприходование_Type"
"Document_ПересортицаЗапасов_СерииНоменклатуры","StandardODATA.Document_ПересортицаЗапасов_СерииНоменклатуры","5","Ref_Key, LineNumber, Серия_Key, КлючСвязи, Количество"
"Document_ПересортицаЗапасов_СерииНоменклатурыОприходование","StandardODATA.Document_ПересортицаЗапасов_СерииНоменклатурыОприходование","5","Ref_Key, LineNumber, Серия_Key, КлючСвязи, Количество"
"Document_ПланПродаж","StandardODATA.Document_ПланПродаж","24","Ref_Key, DataVersion, Number, Date, DeletionMark, Posted, Организация_Key, СценарийПланирования_Key, СтруктурнаяЕдиница_Key, ВидЦен_Key, ВалютаДокумента_Key, УдалитьНалогообложениеНДС, НачалоПланирования, ОкончаниеПланирования, УдалитьСуммаВключаетНДС, УдалитьНДСВключатьВСтоимость, Курс, Кратность, Ответственный_Key, Комментарий, СуммаДокумента, Автор_Key, ХозяйственнаяОперация_Key, Запасы"
"Document_ПланПродаж_Запасы","StandardODATA.Document_ПланПродаж_Запасы","15","Ref_Key, LineNumber, ОбъектПланирования, Характеристика_Key, Количество, ЕдиницаИзмерения, Цена, Сумма, УдалитьСтавкаНДС_Key, УдалитьСуммаНДС, УдалитьВсего, ЗаказПокупателя_Key, ДатаПланирования, ОбъектПланирования_Type, ЕдиницаИзмерения_Type"
"Document_ПоступлениеВКассу","StandardODATA.Document_ПоступлениеВКассу","58","Ref_Key, DataVersion, Number, Date, DeletionMark, Posted, Автор_Key, АдресЭП, АналитикаПрочихДоходовИРасходов, ВалютаДенежныхСредств_Key, ВариантЗаполненияРасшифровки, ВидОперации, ДоговорДляЗачетаАвансаСПомощником_Key, ДоговорКредитаЗайма_Key, Документ, ДокументОснование, ИдентификаторЧекаШтрихМ, Касса_Key, КассаККМ_Key, Комментарий, Контрагент_Key, Корреспонденция_Key, Кратность, Курс, НалогообложениеНДС, НаправлениеДеятельности_Key, НомерСменыККМ, НомерЧекаККМ, Организация_Key, Основание, Патент_Key, Подотчетник_Key, ПодписьГлавногоБухгалтера_Key, ПодписьКассира_Key, ПодписьРуководителя_Key, Подразделение_Key, Приложение, ПринятоОт, РасчетКурсовойРазницыПокупкаВалюты, СпециальныйНалоговыйРежим, Статья_Key, СтруктурнаяЕдиница_Key, СуммаДокумента, СуммаУчета, СчетОрганизации_Key, Телефон, УчитыватьВНУ, ХозяйственнаяОперация_Key, НовыйМеханизмИнкассации, Проект_Key, ДоговорПлатежногоАгента_Key, PS_ОтражатьВБухгалтерскомУчете, РасшифровкаПлатежа, ДополнительныеРеквизиты, ДоговорыАвтоЗачетаДолгов, АналитикаПрочихДоходовИРасходов_Type, Документ_Type, ДокументОснование_Type"
"Document_ПоступлениеВКассу_ДоговорыАвтоЗачетаДолгов","StandardODATA.Document_ПоступлениеВКассу_ДоговорыАвтоЗачетаДолгов","4","Ref_Key, LineNumber, Договор_Key, СуммаПлатежа"
"Document_ПоступлениеВКассу_ДополнительныеРеквизиты","StandardODATA.Document_ПоступлениеВКассу_ДополнительныеРеквизиты","6","Ref_Key, LineNumber, Свойство_Key, Значение, ТекстоваяСтрока, Значение_Type"
"Document_ПоступлениеВКассу_РасшифровкаПлатежа","StandardODATA.Document_ПоступлениеВКассу_РасшифровкаПлатежа","23","Ref_Key, LineNumber, Договор_Key, ПризнакАванса, Документ, СуммаРасчетов, Курс, Кратность, СуммаПлатежа, СтавкаНДС_Key, СуммаНДС, Заказ, СчетНаОплату, ДокументПланирования, ТипСуммы, СтатьяДДС_Key, СпособЗачета, Проект_Key, Подразделение_Key, Документ_Type, Заказ_Type, СчетНаОплату_Type, ДокументПланирования_Type"
"Document_ПоступлениеДСПлан","StandardODATA.Document_ПоступлениеДСПлан","20","Ref_Key, DataVersion, Number, Date, DeletionMark, Posted, Организация_Key, Комментарий, СуммаДокумента, ВалютаДокумента_Key, СтатьяДвиженияДенежныхСредств_Key, ТипДенежныхСредств, БанковскийСчет_Key, Касса_Key, ДокументОснование, Контрагент_Key, Договор_Key, Автор_Key, ХозяйственнаяОперация_Key, ДокументОснование_Type"
"Document_ПоступлениеНаСчет","StandardODATA.Document_ПоступлениеНаСчет","63","Ref_Key, DataVersion, Number, Date, DeletionMark, Posted, Автор_Key, АдресЭП, АналитикаПрочихДоходовИРасходов, БанковскаяОперация, БанковскийСчет_Key, ВалютаДенежныхСредств_Key, ВариантЗаполненияРасшифровки, ВидНалога_Key, ВидОперации, ДатаВходящегоДокумента, ДоговорДляЗачетаАвансаСПомощником_Key, ДоговорКредитаЗайма_Key, Документ, ДокументОснование, Касса_Key, КассаККМ_Key, Комментарий, Контрагент_Key, Корреспонденция_Key, Кратность, Курс, НазначениеПлатежа, НалогообложениеНДС, НаправлениеДеятельности_Key, НаправлениеДеятельностиЗатраты_Key, НомерВходящегоДокумента, НомерСменыККМ, НомерЧекаККМ, Организация_Key, Патент_Key, Подотчетник_Key, ПодписьКассира_Key, ПодразделениеЗатраты_Key, ПоложениеНастроекНалоговогоУчета, ПоложениеЭквайринговогоТерминала, РасчетКурсовойРазницыПокупкаВалюты, СпециальныйНалоговыйРежим, Статья_Key, СуммаДокумента, СуммаКомиссииДокумента, СуммаУчета, СчетКонтрагента_Key, Телефон, УчитыватьВНУ, ХозяйственнаяОперация_Key, ЭквайринговыйТерминал_Key, Проект_Key, ДоговорПлатежногоАгента_Key, PS_ОтражатьВБухгалтерскомУчете, РасшифровкаПлатежа, ДополнительныеРеквизиты, ЭквайринговыеОперации, ДоговорыАвтоЗачетаДолгов, РасшифровкаПлатежаОтАгента, АналитикаПрочихДоходовИРасходов_Type, Документ_Type, ДокументОснование_Type"
"Document_ПоступлениеНаСчет_ДоговорыАвтоЗачетаДолгов","StandardODATA.Document_ПоступлениеНаСчет_ДоговорыАвтоЗачетаДолгов","4","Ref_Key, LineNumber, Договор_Key, СуммаПлатежа"
"Document_ПоступлениеНаСчет_ДополнительныеРеквизиты","StandardODATA.Document_ПоступлениеНаСчет_ДополнительныеРеквизиты","6","Ref_Key, LineNumber, Свойство_Key, Значение, ТекстоваяСтрока, Значение_Type"
"Document_ПоступлениеНаСчет_РасшифровкаПлатежа","StandardODATA.Document_ПоступлениеНаСчет_РасшифровкаПлатежа","29","Ref_Key, LineNumber, Договор_Key, ПризнакАванса, СуммаРасчетов, Курс, Кратность, СуммаПлатежа, СтавкаНДС_Key, СуммаНДС, Заказ, СчетНаОплату, ДокументПланирования, СуммаРасчетовКомиссии, СуммаПлатежаКомиссии, ТипСуммы, СтатьяДДС_Key, СпособЗачета, НалогообложениеНДС, УчитыватьВНУ, Патент_Key, УдержаноАгентом, Документ, Проект_Key, Подразделение_Key, Заказ_Type, СчетНаОплату_Type, ДокументПланирования_Type, Документ_Type"
"Document_ПоступлениеНаСчет_РасшифровкаПлатежаОтАгента","StandardODATA.Document_ПоступлениеНаСчет_РасшифровкаПлатежаОтАгента","11","Ref_Key, LineNumber, Заказ_Key, НомерЗаказаАгента, Документ, ПолученоОтКлиента, УдержаноАгентом, СуммаПлатежа, СчетНаОплату_Key, КорректировкаДолга_Key, Документ_Type"
"Document_ПоступлениеНаСчет_ЭквайринговыеОперации","StandardODATA.Document_ПоступлениеНаСчет_ЭквайринговыеОперации","19","Ref_Key, LineNumber, СуммаРасчетов, СуммаРасчетовКомиссии, СуммаРасчетовВозврата, СуммаРасчетовКомиссииВозврата, Документ, Заказ, ДатаПлатежа, НомерПлатежнойКарты, ВидПлатежнойКарты, СуммаПлатежаИтогоПоСтроке, СуммаКомиссииИтогоПоСтроке, ЭквайринговыйТерминал_Key, НалогообложениеНДС, УчитыватьВНУ, Патент_Key, Документ_Type, Заказ_Type"
"Document_ПриходнаяНакладная","StandardODATA.Document_ПриходнаяНакладная","105","Ref_Key, DataVersion, Number, Date, DeletionMark, Posted, Автор_Key, АдресЧекаЕГАИС, АдресЭП, АктПереданВЕГАИС, ВалютаДокумента_Key, ВидОперации, ВидЦенКонтрагента_Key, ВключатьРасходыВСебестоимость, ДатаВходящегоДокумента, ДисконтнаяКарта_Key, Договор_Key, ДокументОснование, ЕстьМаркируемаяПродукцияГИСМ, ЕстьРасхождения, Заказ, ИдентификаторЧекаШтрихМ, Комментарий, КонтактноеЛицоПодписант_Key, Контрагент_Key, Кратность, Курс, НалогообложениеНДС, НДСВключатьВСтоимость, НомерВходящегоДокумента, НомерСменыККМ, НомерЧекаККМ, Организация_Key, Ответственный_Key, ПодписьКассира_Key, ПодписьКладовщика_Key, ПодписьЧекаЕГАИС, Подразделение_Key, ПоложениеЗаказаПоставщику, ПоложениеСклада, PS_ЭтоИмпортТМЦ, PS_Автомобиль, PS_АдресДоставки, PS_БанковскийСчет_Key, PS_БанковскийСчетКонтрагента_Key, PS_БанковскийСчетПеревозчика_Key, PS_Водитель, PS_Грузоотправитель_Key, PS_Грузополучатель_Key, PS_ДоверенностьВыдана, PS_ДоверенностьДата, PS_ДоверенностьЛицо, PS_ДоверенностьНомер, PS_Перевозчик, PS_Прицеп, PS_ПодписьРуководителя_Key, PS_ПодписьГлавногоБухгалтера_Key, PS_ПодписьРазрешающего_Key, PS_ОснованиеПечати, PS_ОснованиеПечатиСсылка, PS_ДатаИсходящегоДокумента, PS_НомерИсходящегоДокумента, PS_АдресПогрузки, PS_ВидПеревозчика, PS_НомерАвтомобиля, PS_НомерПрицепа, PS_НомерПутевогоЛиста, PS_ДатаПутевогоЛиста, PS_ПрилагаемыеДокументы, PS_Переадресовано, PS_ПутевойЛист_Key, PS_ИнформацияОбОплатеАкциза, ПолученИзЕГАИС, УдалитьТоварноТранспортнаяНакладнаяЕГАИС_Key, ПолученыДокументыПодтверждающиеРасхождения, ПринятьПоКолонке, ПроверятьРасхожденияСВходящимДокументом, ПроверятьРасхожденияСЗаказом, РегистрироватьЦеныПоставщика, СпециальныйНалоговыйРежим, СпособЗачетаПредоплаты, СрокХранения, СтруктурнаяЕдиница_Key, СуммаВключаетНДС, СуммаДокумента, Телефон, ХозяйственнаяОперация_Key, ЧекККМ_Key, Ячейка_Key, Проект_Key, PS_ОтражатьВБухгалтерскомУчете, Запасы, Расходы, Предоплата, ДополнительныеРеквизиты, УдалитьТоварыПоДаннымПоставщика, АкцизныеМарки, СерииНоменклатуры, ДобавленныеНаборы, ШтрихкодыУпаковок, СведенияПрослеживаемости, ДокументОснование_Type, Заказ_Type, PS_Перевозчик_Type, PS_ОснованиеПечатиСсылка_Type"
"Document_ПриходнаяНакладная_Запасы","StandardODATA.Document_ПриходнаяНакладная_Запасы","39","Ref_Key, LineNumber, Номенклатура_Key, ЕдиницаИзмерения, Характеристика_Key, СерииНоменклатуры, Цена, ПроцентСкидкиНаценки, СуммаСкидкиНаценки, Сумма, СтавкаНДС_Key, СуммаНДС, Заказ, Всего, Себестоимость, СуммаРасходов, Содержание, КлючСвязи, ИдентификаторСтроки, НеобходимостьВводаАкцизнойМарки, Партия_Key, Количество, СтранаПроисхождения_Key, PS_СуммаАкциза, НомерГТД_Key, ТоварыДляПроизводства, СтруктурнаяЕдиница_Key, Ячейка_Key, НоменклатураНабора_Key, ХарактеристикаНабора_Key, ДоляСтоимости, Штрихкод, НоменклатураЕГАИС_Key, ЗаказПокупателя_Key, КоличествоСправочно, Комментарий, ПрослеживаемыйТовар, ЕдиницаИзмерения_Type, Заказ_Type"
"Document_РаспределениеЗатрат","StandardODATA.Document_РаспределениеЗатрат","23","Ref_Key, DataVersion, Number, Date, DeletionMark, Posted, Организация_Key, СтруктурнаяЕдиница_Key, Ячейка_Key, ДатаНачалаПериода, Комментарий, Автор_Key, ХозяйственнаяОперация_Key, ЗаказНаПроизводство_Key, ДокументОснование, Затраты, РаспределениеЗатрат, Продукция, Запасы, РаспределениеЗапасов, СерииНоменклатуры, СведенияПрослеживаемости, ДокументОснование_Type"
"Document_РаспределениеЗатрат_Запасы","StandardODATA.Document_РаспределениеЗатрат_Запасы","17","Ref_Key, LineNumber, Номенклатура_Key, Характеристика_Key, Партия_Key, СерииНоменклатуры, Количество, ЕдиницаИзмерения, Резерв, ЗаказПокупателя_Key, Спецификация_Key, КлючСвязи, ИдентификаторСтроки, ПрослеживаемыйТовар, СтранаПроисхождения_Key, НомерГТД_Key, ЕдиницаИзмерения_Type"
"Document_РаспределениеЗатрат_РаспределениеЗапасов","StandardODATA.Document_РаспределениеЗатрат_РаспределениеЗапасов","10","Ref_Key, LineNumber, КлючСвязи, Количество, Резерв, Номенклатура_Key, Характеристика_Key, Партия_Key, ЗаказПокупателя_Key, Спецификация_Key"
"Document_РасходДСПлан","StandardODATA.Document_РасходДСПлан","27","Ref_Key, DataVersion, Number, Date, DeletionMark, Posted, Автор_Key, БанковскийСчет_Key, ВалютаДокумента_Key, ДатаВходящегоДокумента, Договор_Key, ДокументОснование, Касса_Key, Комментарий, Контрагент_Key, НомерВходящегоДокумента, Организация_Key, ПодписьГлавногоБухгалтера_Key, ПодписьРуководителя_Key, СтатусУтвержденияПлатежа, СтатьяДвиженияДенежныхСредств_Key, СуммаДокумента, ТипДенежныхСредств, ХозяйственнаяОперация_Key, РезервироватьДенежныеСредства, ДополнительныеРеквизиты, ДокументОснование_Type"
"Document_РасходнаяНакладная","StandardODATA.Document_РасходнаяНакладная","116","Ref_Key, DataVersion, Number, Date, DeletionMark, Posted, Автомобиль, Автор_Key, АдресДоставки, АдресЭП, БанковскийСчет_Key, БанковскийСчетКонтрагента_Key, БанковскийСчетПеревозчика_Key, ВалютаДокумента_Key, Вес, ВидОперации, ВидСкидкиНаценки_Key, ВидЦен_Key, ВидЭлектронногоДокумента, Водитель, Грузоотправитель_Key, Грузополучатель_Key, ДатаВходящегоДокумента, ДисконтнаяКарта_Key, ДоверенностьВыдана, ДоверенностьДата, ДоверенностьЛицо, ДоверенностьНомер, Договор_Key, ДокументОснование, ЕстьМаркируемаяПродукцияГИСМ, ЕстьПодконтрольнаяПродукцияВЕТИС, Заказ, ИдентификаторПлатежа, ИдентификаторЧекаШтрихМ, Комментарий, КонтактноеЛицоПодписант_Key, Контрагент_Key, Кратность, Курс, НалогообложениеНДС, НДСВключатьВСтоимость, НоменклатураДоставки_Key, НомерВходящегоДокумента, НомерСменыККМ, НомерСчетаНаОплату, НомерЧекаККМ, Объем, Организация_Key, ОрганизацияОплачиваетПеревозку, ОснованиеПечати, ОснованиеПечатиСсылка, Ответственный_Key, Перевозчик, ПереданВЕГАИС, ПодписьГлавногоБухгалтера_Key, ПодписьКассира_Key, ПодписьКладовщика_Key, ПодписьРуководителя_Key, Подразделение_Key, ПоложениеЗаказаПокупателя, ПоложениеСклада, PS_ДатаИсходящегоДокумента, PS_НомерИсходящегоДокумента, PS_АдресПогрузки, PS_ВидПеревозчика, PS_НомерАвтомобиля, PS_НомерПрицепа, PS_НомерПутевогоЛиста, PS_ДатаПутевогоЛиста, PS_ПодписьРазрешающего_Key, PS_ПрилагаемыеДокументы, PS_Переадресовано, PS_ПутевойЛист_Key, Прицеп, ПроцентСкидкиПоДисконтнойКарте, СкидкиРассчитаны, СпециальныйНалоговыйРежим, СпособЗачетаПредоплаты, СпособПродажиГИСМ, СрокДоставки, СтавкаНДСДоставки_Key, СтоимостьДоставки, СтруктурнаяЕдиница_Key, СуммаВключаетНДС, СуммаДокумента, СуммаНДСДоставки, Телефон, УдалитьГлавныйБухгалтер_Key, УдалитьИспользоватьФаксимиле, УдалитьОтпустил_Key, УдалитьОтпустилДолжность_Key, УдалитьРуководитель_Key, УдалитьРуководительДолжность_Key, УдалитьТоварноТранспортнаяНакладнаяЕГАИС_Key, УсловияГарантийногоТалона_Key, УсловияСчетаЗаказа_Key, УчитыватьВНУ, PS_ИспользоватьПриПечатиСвойстваНоменклатурыКонтрагентов, ХозяйственнаяОперация_Key, Ячейка_Key, ПоложениеПроекта, Проект_Key, PS_ОтражатьВБухгалтерскомУчете, Запасы, Предоплата, ДополнительныеРеквизиты, СкидкиНаценки, СерииНоменклатуры, ДобавленныеНаборы, ШтрихкодыУпаковок, СведенияПрослеживаемости, ДокументОснование_Type, Заказ_Type, ОснованиеПечатиСсылка_Type, Перевозчик_Type"
"Document_РасходнаяНакладная_Запасы","StandardODATA.Document_РасходнаяНакладная_Запасы","43","Ref_Key, LineNumber, Вес, Всего, ДоляСтоимости, ЕдиницаИзмерения, Заказ, ЗаказПокупателя_Key, ИдентификаторСтроки, КлючСвязи, КодТНВЭД_Key, Количество, Номенклатура_Key, НоменклатураНабора_Key, НомерГТД_Key, Объем, Партия_Key, Проект_Key, ПрослеживаемыйТовар, ПроцентАвтоматическойСкидки, ПроцентСкидкиНаценки, Резерв, СерииНоменклатуры, Содержание, PS_СуммаАкциза, PS_Упаковка_Key, СтавкаНДС_Key, СтранаПроисхождения_Key, СтруктурнаяЕдиница_Key, Сумма, СуммаАвтоматическойСкидки, СуммаНДС, СуммаСкидкиНаценки, ТипНоменклатурыЗапас, ТоварыДляПроизводства, УдалитьСправкаБ_Key, Характеристика_Key, PS_ДокументПередачи_Key, ХарактеристикаНабора_Key, Цена, Ячейка_Key, ЕдиницаИзмерения_Type, Заказ_Type"
"Document_РасходыПриИмпорте","StandardODATA.Document_РасходыПриИмпорте","35","Ref_Key, DataVersion, Number, Date, DeletionMark, Posted, Автор_Key, ВалютаДокумента_Key, Договор_Key, ДокументПоступления_Key, ЗаказПоставщику_Key, Комментарий, Контрагент_Key, Кратность, Курс, НалогообложениеНДС, НаправлениеДеятельности_Key, НДСВключатьВСтоимость, НомерГТД_Key, Организация_Key, Ответственный_Key, Подразделение_Key, СтруктурнаяЕдиница_Key, СуммаВключаетНДС, СуммаДокумента, СчетУчетаЗатрат_Key, ТаможенныйСбор, ТаможенныйШтраф, PS_НомерВходящегоДокумента, PS_ДатаВходящегоДокумента, ХозяйственнаяОперация_Key, ПоложениеСклада, PS_ОтражатьВБухгалтерскомУчете, Разделы, Запасы"
"Document_РасходыПриИмпорте_Запасы","StandardODATA.Document_РасходыПриИмпорте_Запасы","17","Ref_Key, LineNumber, Пометка, Номенклатура_Key, Характеристика_Key, Партия_Key, Количество, ФактурнаяСтоимость, СуммаПошлины, СуммаНДС, НомерРаздела, СтранаПроисхождения_Key, ЗаказПокупателя_Key, СуммаСбора, ДокументПартии_Key, PS_СуммаАкциза, СтруктурнаяЕдиница_Key"
"Document_РезервированиеЗапасов","StandardODATA.Document_РезервированиеЗапасов","12","Ref_Key, DataVersion, Number, Date, DeletionMark, Posted, Организация_Key, ЗаказПокупателя_Key, Комментарий, Автор_Key, ХозяйственнаяОперация_Key, Запасы"
"Document_РезервированиеЗапасов_Запасы","StandardODATA.Document_РезервированиеЗапасов_Запасы","12","Ref_Key, LineNumber, Номенклатура_Key, Характеристика_Key, Партия_Key, ЕдиницаИзмерения, Количество, ИсходноеМестоРезерва, НовоеМестоРезерва, ЕдиницаИзмерения_Type, ИсходноеМестоРезерва_Type, НовоеМестоРезерва_Type"
"Document_СборкаЗапасов","StandardODATA.Document_СборкаЗапасов","48","Ref_Key, DataVersion, Number, Date, DeletionMark, Posted, Автор_Key, ВидОперации, ДокументОснование, ЗаказНаПроизводство_Key, ЗаказПокупателя_Key, Комментарий, Организация_Key, ПлановаяОценка_Key, ПодписьКладовщикаОтправил_Key, ПодписьКладовщикаПолучил_Key, ПодписьКонтролера_Key, ПодписьРуководителя_Key, СписокНоменклатуры, СтруктурнаяЕдиница_Key, СтруктурнаяЕдиницаЗапасов_Key, СтруктурнаяЕдиницаОтходов_Key, СтруктурнаяЕдиницаПродукции_Key, УдалитьОтпустил_Key, УдалитьОтпустилДолжность_Key, УдалитьПолучил_Key, УдалитьПолучилДолжность_Key, УсловияГарантийногоТалона_Key, ХозяйственнаяОперация_Key, Ячейка_Key, ЯчейкаЗапасов_Key, ЯчейкаОтходов_Key, ЯчейкаПродукции_Key, ПоложениеСклада, ПоложениеЗаказаПокупателя, РучноеРаспределение, СтруктурнаяЕдиницаЗавершенияПроизводства_Key, PS_ОтражатьВБухгалтерскомУчете, Продукция, Запасы, Отходы, СерииНоменклатуры, СерииНоменклатурыПродукция, ДополнительныеРеквизиты, РаспределениеЗапасов, ВыполненныеЭтапы, СведенияПрослеживаемости, ДокументОснование_Type"
"Document_СборкаЗапасов_ВыполненныеЭтапы","StandardODATA.Document_СборкаЗапасов_ВыполненныеЭтапы","4","Ref_Key, LineNumber, КлючСвязи, Этап_Key"
"Document_СборкаЗапасов_ДополнительныеРеквизиты","StandardODATA.Document_СборкаЗапасов_ДополнительныеРеквизиты","6","Ref_Key, LineNumber, Свойство_Key, Значение, ТекстоваяСтрока, Значение_Type"
"Document_СборкаЗапасов_Запасы","StandardODATA.Document_СборкаЗапасов_Запасы","21","Ref_Key, LineNumber, Номенклатура_Key, Характеристика_Key, Партия_Key, СерииНоменклатуры, Количество, Резерв, ЕдиницаИзмерения, Спецификация_Key, ДоляСтоимости, КлючСвязи, СтранаПроисхождения_Key, НомерГТД_Key, СтруктурнаяЕдиница_Key, Ячейка_Key, ЗаказПокупателя_Key, Этап_Key, ИдентификаторСтроки, ПрослеживаемыйТовар, ЕдиницаИзмерения_Type"
"Document_СборкаЗапасов_Отходы","StandardODATA.Document_СборкаЗапасов_Отходы","8","Ref_Key, LineNumber, Номенклатура_Key, Характеристика_Key, Партия_Key, Количество, ЕдиницаИзмерения, ЕдиницаИзмерения_Type"
"Document_СборкаЗапасов_Продукция","StandardODATA.Document_СборкаЗапасов_Продукция","20","Ref_Key, LineNumber, Номенклатура_Key, Характеристика_Key, Партия_Key, СерииНоменклатуры, Количество, Резерв, ЕдиницаИзмерения, Спецификация_Key, КлючСвязи, СтранаПроисхождения_Key, НомерГТД_Key, СтруктурнаяЕдиница_Key, Ячейка_Key, ЗаказПокупателя_Key, ПодразделениеЗавершающегоЭтапа_Key, ИдентификаторСтроки, ПрослеживаемыйТовар, ЕдиницаИзмерения_Type"
"Document_СборкаЗапасов_РаспределениеЗапасов","StandardODATA.Document_СборкаЗапасов_РаспределениеЗапасов","15","Ref_Key, LineNumber, Количество, КлючСвязиПродукция, УдалитьКлючСвязиЗапасы, Номенклатура_Key, Характеристика_Key, Партия_Key, ЕдиницаИзмерения, Спецификация_Key, СтруктурнаяЕдиница_Key, Ячейка_Key, ЗаказПокупателя_Key, Этап_Key, ЕдиницаИзмерения_Type"
"Document_СборкаЗапасов_СведенияПрослеживаемости","StandardODATA.Document_СборкаЗапасов_СведенияПрослеживаемости","6","Ref_Key, LineNumber, РНПТ_Key, Количество, КоличествоПрослеживаемости, ИдентификаторСтроки"
"Document_СборкаЗапасов_СерииНоменклатуры","StandardODATA.Document_СборкаЗапасов_СерииНоменклатуры","5","Ref_Key, LineNumber, Серия_Key, КлючСвязи, Количество"
"Document_СборкаЗапасов_СерииНоменклатурыПродукция","StandardODATA.Document_СборкаЗапасов_СерииНоменклатурыПродукция","5","Ref_Key, LineNumber, Серия_Key, КлючСвязи, Количество"
"Document_СверкаВзаиморасчетов","StandardODATA.Document_СверкаВзаиморасчетов","29","Ref_Key, DataVersion, Number, Date, DeletionMark, Posted, Автор_Key, ВалютаДокумента_Key, ДобавлятьОрганизациюВПредставлениеДокумента, Комментарий, КонецПериода, Контрагент_Key, НачалоПериода, УдалитьОписаниеВыбораДоговоров, ОписаниеДокумента, Организация_Key, ПодписьОтветственного_Key, ПредставительКонтрагента_Key, СальдоНачалоПериода, СортироватьПоДоговорам, Статус, УдалитьОтветственный_Key, ХозяйственнаяОперация_Key, ВходящийНомерВПредставлениеПоступленияНаСчет, ВходящийНомерВПредставлениеРасходаСоСчета, ДобавлятьСчетФактуруВПредставлениеДокумента, ДанныеОрганизации, ДанныеКонтрагента, ДоговорыКонтрагентов"
"Document_СписаниеВА_ВнеоборотныеАктивы","StandardODATA.Document_СписаниеВА_ВнеоборотныеАктивы","7","Ref_Key, LineNumber, ВнеоборотныйАктив_Key, Стоимость, ОстаточнаяСтоимость, Амортизация, АмортизацияЗаМесяц"
"Document_СписаниеЗапасов","StandardODATA.Document_СписаниеЗапасов","24","Ref_Key, DataVersion, Number, Date, DeletionMark, Posted, Организация_Key, СтруктурнаяЕдиница_Key, Ячейка_Key, ДокументОснование_Key, Корреспонденция_Key, СписатьЗапасыИзЭксплуатации, Комментарий, Автор_Key, ХозяйственнаяОперация_Key, АктСписанияЕГАИС_Key, ПереданВЕГАИС, ЕстьКиЗГИСМ, ЕстьМаркируемаяПродукцияГИСМ, PS_ОтражатьВБухгалтерскомУчете, Запасы, СерииНоменклатуры, ДополнительныеРеквизиты, СведенияПрослеживаемости"
"Document_СписаниеЗапасов_ДополнительныеРеквизиты","StandardODATA.Document_СписаниеЗапасов_ДополнительныеРеквизиты","6","Ref_Key, LineNumber, Свойство_Key, Значение, ТекстоваяСтрока, Значение_Type"
"Document_СписаниеЗапасов_Запасы","StandardODATA.Document_СписаниеЗапасов_Запасы","15","Ref_Key, LineNumber, Номенклатура_Key, Характеристика_Key, Партия_Key, СерииНоменклатуры, Количество, ЕдиницаИзмерения, УдалитьСправкаБ_Key, КлючСвязи, СтранаПроисхождения_Key, НомерГТД_Key, ИдентификаторСтроки, ПрослеживаемыйТовар, ЕдиницаИзмерения_Type"
"Document_СписаниеЗапасов_СведенияПрослеживаемости","StandardODATA.Document_СписаниеЗапасов_СведенияПрослеживаемости","6","Ref_Key, LineNumber, РНПТ_Key, Количество, КоличествоПрослеживаемости, ИдентификаторСтроки"
"Document_СписаниеЗапасов_СерииНоменклатуры","StandardODATA.Document_СписаниеЗапасов_СерииНоменклатуры","5","Ref_Key, LineNumber, Серия_Key, КлючСвязи, Количество"
"Document_СчетНаОплату","StandardODATA.Document_СчетНаОплату","52","Ref_Key, DataVersion, Number, Date, DeletionMark, Posted, Автор_Key, БанковскийСчет_Key, ВалютаДокумента_Key, Вес, ВидСкидкиНаценки_Key, ВидЦен_Key, ДисконтнаяКарта_Key, Договор_Key, ДокументОснование, ЗапланироватьОплату, Касса_Key, Комментарий, Контрагент_Key, Кратность, Курс, НалогообложениеНДС, НоменклатураДоставки_Key, Объем, Организация_Key, ОснованиеПечати, ОснованиеПечатиСсылка, Ответственный_Key, ПодписьГлавногоБухгалтера_Key, ПодписьРуководителя_Key, Подразделение_Key, ПроцентСкидкиПоДисконтнойКарте, СкидкиРассчитаны, Событие_Key, СтавкаНДСДоставки_Key, СтоимостьДоставки, СуммаВключаетНДС, СуммаДокумента, СуммаНДСДоставки, ТипДенежныхСредств, УдалитьИспользоватьФаксимиле, УсловияСчетаЗаказа_Key, ХозяйственнаяОперация_Key, ИдентификаторПлатежа, Запасы, ПлатежныйКалендарь, ДополнительныеРеквизиты, СкидкиНаценки, РасшифровкаБиллинга, ДобавленныеНаборы, ДокументОснование_Type, ОснованиеПечатиСсылка_Type"
"Document_СчетНаОплату_Запасы","StandardODATA.Document_СчетНаОплату_Запасы","24","Ref_Key, LineNumber, Номенклатура_Key, Характеристика_Key, Партия_Key, Количество, ЕдиницаИзмерения, Цена, ПроцентСкидкиНаценки, СуммаСкидкиНаценки, Сумма, СтавкаНДС_Key, СуммаНДС, Всего, Содержание, КлючСвязи, СуммаАвтоматическойСкидки, ПроцентАвтоматическойСкидки, Вес, Объем, НоменклатураНабора_Key, ХарактеристикаНабора_Key, ДоляСтоимости, ЕдиницаИзмерения_Type"
"Document_СчетНаОплатуПоставщика","StandardODATA.Document_СчетНаОплатуПоставщика","33","Ref_Key, DataVersion, Number, Date, DeletionMark, Posted, Организация_Key, Комментарий, ДокументОснование_Key, Контрагент_Key, Договор_Key, ТипДенежныхСредств, БанковскийСчет_Key, ВалютаДокумента_Key, Кратность, Курс, НалогообложениеНДС, СуммаВключаетНДС, ВидЦенКонтрагента_Key, Касса_Key, СуммаДокумента, Событие_Key, ЗапланироватьОплату, Ответственный_Key, Подразделение_Key, НомерВходящегоДокумента, ДатаВходящегоДокумента, Автор_Key, ХозяйственнаяОперация_Key, РезервироватьДенежныеСредства, Запасы, ПлатежныйКалендарь, ДополнительныеРеквизиты"
"Document_СчетНаОплатуПоставщика_Запасы","StandardODATA.Document_СчетНаОплатуПоставщика_Запасы","16","Ref_Key, LineNumber, Номенклатура_Key, Характеристика_Key, Партия_Key, Количество, ЕдиницаИзмерения, Цена, ПроцентСкидкиНаценки, СуммаСкидкиНаценки, Сумма, СтавкаНДС_Key, СуммаНДС, Всего, Содержание, ЕдиницаИзмерения_Type"
"Document_СчетФактура","StandardODATA.Document_СчетФактура","58","Ref_Key, DataVersion, Number, Date, DeletionMark, Posted, Автор_Key, ВалютаДокумента_Key, ВидОперации, ВыставленСтатус, Грузоотправитель_Key, Грузополучатель_Key, ДанныеОбОплатеИзмененыВручную, ДатаВходящегоДокумента, ДатаВыставления, ДатаИсправляемогоКорректировочногоДокумента, ДатаИсходногоДокумента, Договор_Key, ЕстьПрослеживаемыеТовары, ИдентификаторГосКонтракта, Исправление, ИсправляемыйСчетФактура_Key, КодСпособаВыставления, Комментарий, Контрагент_Key, Кратность, Курс, НомерВходящегоДокумента, НомерИсправления, НомерИсправляемогоКорректировочногоДокумента, НомерИсходногоДокумента, Организация_Key, ОснованиеПечати, ПодписьГлавногоБухгалтера_Key, ПодписьКладовщика_Key, ПодписьРуководителя_Key, СводныйКомиссионный, СводныйКорректировочный, СтавкаНДССуммовойРазницы_Key, СуммаДокумента, СуммаНДСДокумента, УдалитьДокументОснование, УдалитьДокументОснованиеДоставки, УдалитьНоменклатураДоставки_Key, УдалитьОнЖе, УдалитьСтавкаНДСДоставки_Key, УдалитьСтоимостьДоставкиБезНДС, УдалитьСуммаНДСДоставки, ХозяйственнаяОперация_Key, ЭтоВозврат, Авансы, ДатаНомерДокументовОплаты, ДокументыОснования, УдалитьДобавленныеНаборы, УдалитьЗапасы, УдалитьПредоплата, УдалитьДокументОснование_Type, УдалитьДокументОснованиеДоставки_Type"
"Document_СчетФактура_УдалитьЗапасы","StandardODATA.Document_СчетФактура_УдалитьЗапасы","21","Ref_Key, LineNumber, Номенклатура_Key, Содержание, Характеристика_Key, Партия_Key, Количество, ЕдиницаИзмерения, Цена, Сумма, СтавкаНДС_Key, СуммаНДС, Всего, СтранаПроисхождения_Key, НомерГТД_Key, ДокументОснование, НоменклатураНабора_Key, ХарактеристикаНабора_Key, ДоляСтоимости, ЕдиницаИзмерения_Type, ДокументОснование_Type"
"Document_СчетФактураПолученный","StandardODATA.Document_СчетФактураПолученный","45","Ref_Key, DataVersion, Number, Date, DeletionMark, Posted, Автор_Key, ВалютаДокумента_Key, ВидОперации, ВыставленСтатус, ДатаВходящегоДокумента, ДатаИсправления, ДатаПлатежноРасчетногоДокумента, ДатаПолучения, Договор_Key, ЕстьПрослеживаемыеТовары, Исправление, ИсправляемыйСчетФактура_Key, КодСпособаВыставления, Комментарий, Контрагент_Key, Кратность, Курс, НомерВходящегоДокумента, НомерИсправления, НомерПлатежноРасчетногоДокумента, Организация_Key, СтавкаНДССуммовойРазницы_Key, СуммаДокумента, СуммаНДСДокумента, УдалитьДатаИсправленияИсходногоДокумента, УдалитьДатаИсходногоДокумента, УдалитьДокументОснование, УдалитьНомерИсправленияИсходногоДокумента, УдалитьНомерИсходногоДокумента, УдалитьОбновлениеЗавершено, УдалитьУчитыватьИсправлениеИсходногоДокумента, ХозяйственнаяОперация_Key, ЭтоВозврат, ЕстьПрослеживаемыеТовары1, Авансы, СчетаФактурыВыданныеПокупателям, УдалитьЗапасы, ДокументыОснования, УдалитьДокументОснование_Type"
"Document_СчетФактураПолученный_УдалитьЗапасы","StandardODATA.Document_СчетФактураПолученный_УдалитьЗапасы","16","Ref_Key, LineNumber, Номенклатура_Key, Содержание, Характеристика_Key, Партия_Key, Количество, ЕдиницаИзмерения, Цена, Сумма, СтавкаНДС_Key, СуммаНДС, Всего, СтранаПроисхождения_Key, НомерГТД_Key, ЕдиницаИзмерения_Type"
"Document_ЧекККМ","StandardODATA.Document_ЧекККМ","62","Ref_Key, DataVersion, Number, Date, DeletionMark, Posted, Автор_Key, АдресЧекаЕГАИС, АдресЭП, Архивный, ВалютаДокумента_Key, ВидСкидкиНаценки_Key, ВидЦен_Key, ДвиженияПоЗапасамУдалять, ДисконтнаяКарта_Key, ЕстьЗаказы, Заказ_Key, ИдентификаторЧекаШтрихМ, КассаККМ_Key, КассоваяСмена_Key, Комментарий, КонтактноеЛицоПодписант_Key, Контрагент_Key, НалогообложениеНДС, НДСВключатьВСтоимость, НомерСменыККМ, НомерЧекаККМ, Организация_Key, Ответственный_Key, ПодписьКассира_Key, ПодписьЧекаЕГАИС, Подразделение_Key, ПоложениеЗаказаПокупателя, ПолученоНаличными, ПроцентСкидкиПоДисконтнойКарте, СкидкиРассчитаны, Статус, СтруктурнаяЕдиница_Key, СуммаВключаетНДС, СуммаДокумента, Телефон, УсловияГарантийногоТалона_Key, ФормаОплаты, ХозяйственнаяОперация_Key, ЭквайринговыйТерминал_Key, СпециальныйНалоговыйРежим, Патент_Key, ОперацияСДенежнымиСредствами, Договор_Key, СпособЗачетаПредоплаты, Кратность, Курс, ПоложениеСклада, Ячейка_Key, Запасы, БезналичнаяОплата, Предоплата, СкидкиНаценки, АкцизныеМарки, СерииНоменклатуры, ДобавленныеНаборы, БонусныеБаллыКНачислению"
"Document_ЧекККМ_БезналичнаяОплата","StandardODATA.Document_ЧекККМ_БезналичнаяОплата","15","Ref_Key, LineNumber, ВидОплаты, ВидПлатежнойКарты, НомерПлатежнойКарты, ПодарочныйСертификат_Key, НомерСертификата_Key, БонуснаяКарта_Key, Сумма, СуммаБонусов, СсылочныйНомер, НомерЧекаЭТ, ЭквайринговыйТерминал_Key, СуммаПогашенияСертификата, ДоговорПлатежногоАгента_Key"
"Document_ЧекККМ_Запасы","StandardODATA.Document_ЧекККМ_Запасы","34","Ref_Key, LineNumber, Номенклатура_Key, Характеристика_Key, Партия_Key, СерииНоменклатуры, Количество, ЕдиницаИзмерения, Цена, ПроцентСкидкиНаценки, СуммаСкидкиНаценки, Сумма, СтавкаНДС_Key, СуммаНДС, Всего, ПроцентАвтоматическойСкидки, СуммаАвтоматическойСкидки, КлючСвязи, НеобходимостьВводаАкцизнойМарки, Заказ_Key, Резерв, НоменклатураНабора_Key, ХарактеристикаНабора_Key, ДоляСтоимости, НоменклатураЕГАИС_Key, Штрихкод, СуммаСкидкиОплатыБонусом, НеобходимостьВводаКодаМаркировки, КодМаркировки, СтруктурнаяЕдиница_Key, Ячейка_Key, КлючСвязиУслугаАгента, ДоговорПлатежногоАгента_Key, ЕдиницаИзмерения_Type"
"Document_ЧекККМВозврат","StandardODATA.Document_ЧекККМВозврат","62","Ref_Key, DataVersion, Number, Date, DeletionMark, Posted, Автор_Key, АдресЧекаЕГАИС, АдресЭП, Архивный, ВалютаДокумента_Key, ВидСкидкиНаценки_Key, ВидЦен_Key, ДвиженияПоЗапасамУдалять, ДисконтнаяКарта_Key, ЕстьЗаказы, Заказ_Key, ИдентификаторЧекаШтрихМ, КассаККМ_Key, КассоваяСмена_Key, Комиссия_Key, Комментарий, КонтактноеЛицоПодписант_Key, Контрагент_Key, НалогообложениеНДС, НДСВключатьВСтоимость, НомерСменыККМ, НомерЧекаККМ, Организация_Key, Ответственный_Key, ПодписьЗаведующегоОтделом_Key, ПодписьКассира_Key, ПодписьРуководителя_Key, ПодписьСтаршегоКассира_Key, ПодписьЧекаЕГАИС, Подразделение_Key, ПоложениеЗаказаПокупателя, ПроцентСкидкиПоДисконтнойКарте, СкидкиРассчитаны, СтруктурнаяЕдиница_Key, СуммаВключаетНДС, СуммаДокумента, Телефон, ХозяйственнаяОперация_Key, ЧекККМ_Key, ЭквайринговыйТерминал_Key, СпециальныйНалоговыйРежим, ОперацияСДенежнымиСредствами, Договор_Key, СпособЗачетаПредоплаты, Кратность, Курс, Ячейка_Key, ПоложениеСклада, Запасы, БезналичнаяОплата, Предоплата, СкидкиНаценки, АкцизныеМарки, СерииНоменклатуры, ДобавленныеНаборы, БонусныеБаллыКНачислению"
"Document_ЧекККМВозврат_БезналичнаяОплата","StandardODATA.Document_ЧекККМВозврат_БезналичнаяОплата","14","Ref_Key, LineNumber, ВидОплаты, ВидПлатежнойКарты, НомерПлатежнойКарты, ПодарочныйСертификат_Key, НомерСертификата_Key, БонуснаяКарта_Key, Сумма, СуммаБонусов, СсылочныйНомер, НомерЧекаЭТ, ЭквайринговыйТерминал_Key, ОплатаОтменена"
"Document_ЧекККМВозврат_Запасы","StandardODATA.Document_ЧекККМВозврат_Запасы","32","Ref_Key, LineNumber, Номенклатура_Key, Характеристика_Key, Партия_Key, СерииНоменклатуры, Количество, ЕдиницаИзмерения, Цена, ПроцентСкидкиНаценки, СуммаСкидкиНаценки, Сумма, СтавкаНДС_Key, СуммаНДС, Всего, ПроцентАвтоматическойСкидки, СуммаАвтоматическойСкидки, КлючСвязи, НеобходимостьВводаАкцизнойМарки, Заказ_Key, НоменклатураНабора_Key, ХарактеристикаНабора_Key, ДоляСтоимости, НоменклатураЕГАИС_Key, Штрихкод, СуммаСкидкиОплатыБонусом, КодМаркировки, СтруктурнаяЕдиница_Key, Ячейка_Key, КлючСвязиУслугаАгента, ДоговорПлатежногоАгента_Key, ЕдиницаИзмерения_Type"
"InformationRegister_ОтчетПоКурсовымРазницам_RecordType","StandardODATA.InformationRegister_ОтчетПоКурсовымРазницам_RecordType","13","Recorder_Key, Period, LineNumber, Active, Организация_Key, Аналитика, Валюта_Key, Раздел, Сумма, СуммаДоходов, СуммаРасходов, СуммаОстаток, СуммаВалОстаток"
